placement,speakers,miles,sq,a,b
tract point,"Spanish, ages 5-17",0.5,0.12192699279860938,0.10032282095852993,0.10032282095852993
tract point,"Spanish, ages 5-17",1,0.5915073255525205,0.3521231686118699,0.3521231686118699
tract point,"Spanish, ages 5-17",1.5,0.6535882791159672,0.44896945617084677,0.44896945617084677
tract point,"Spanish, ages 5-17",2,0.8433076732058604,0.6856220511547058,0.6856220511547058
tract point,"Spanish, ages 5+",0.5,0.10913955226816698,0.06432702521934139,0.06432702521934139
tract point,"Spanish, ages 5+",1,0.45123342644686626,0.2370854152732423,0.2370854152732423
tract point,"Spanish, ages 5+",1.5,0.5990478813392611,0.378801589487351,0.378801589487351
tract point,"Spanish, ages 5+",2,0.7996223000354094,0.5747334461187394,0.5747334461187394
blocks by under-18 population,"Spanish, ages 5-17",0.5,0.23633138094000078,0.09767448706897922,0.09767448706897922
blocks by under-18 population,"Spanish, ages 5-17",1,0.5244317701896649,0.3638868814326723,0.3638868814326723
blocks by under-18 population,"Spanish, ages 5-17",1.5,0.6755494226192459,0.506134530335858,0.506134530335858
blocks by under-18 population,"Spanish, ages 5-17",2,0.7620123515911083,0.6000829326858245,0.6000829326858245
blocks by under-18 population,"Spanish, ages 5+",0.5,0.15274776921467592,0.05634764297936356,0.05634764297936356
blocks by under-18 population,"Spanish, ages 5+",1,0.41361021919555785,0.2503248682305173,0.2503248682305173
blocks by under-18 population,"Spanish, ages 5+",1.5,0.6176852717045391,0.4071990043713771,0.4071990043713771
blocks by under-18 population,"Spanish, ages 5+",2,0.7703286923090483,0.5411446153508712,0.5411446153508712
