group,language,scenario,speakers,within_0.5mi,within_1mi,within_2mi,mean_mi
Spanish,Spanish,sq,25417.00000000005,0.1504658101881148,0.4172194836101732,0.7671809421338016,1.410960557470429
Spanish,Spanish,a,25417.00000000005,0.055879380496495844,0.2455504177944377,0.5408720070976706,1.884559472557745
Spanish,Spanish,b,25417.00000000005,0.055879380496495844,0.2455504177944377,0.5408720070976706,1.884559472557745
Spanish (ages 5-17),Spanish,sq,4026.9999999999877,0.23633138094000078,0.5244317701896649,0.7620123515911083,1.300481589295606
Spanish (ages 5-17),Spanish,a,4026.9999999999877,0.09767448706897922,0.3638868814326723,0.6000829326858245,1.687706008570154
Spanish (ages 5-17),Spanish,b,4026.9999999999877,0.09767448706897922,0.3638868814326723,0.6000829326858245,1.687706008570154
Mandarin,Mandarin,sq,6797.000000000034,0.0472004285866173,0.1516921610651031,0.45937955204818204,2.5434243034720567
Mandarin,Mandarin,a,6797.000000000034,0.011430878429904824,0.06733432503009804,0.36966159373629526,2.611298868737822
Mandarin,Mandarin,b,6797.000000000034,0.011430878429904824,0.06733432503009804,0.36966159373629526,2.611298868737822
Vietnamese,Vietnamese,sq,6390.000000000019,0.028601096058437452,0.08349310375023276,0.2528003899355765,3.3074598948978777
Vietnamese,Vietnamese,a,6390.000000000019,0.043022761372053075,0.14833793272923618,0.3541388026426337,2.9182324575393124
Vietnamese,Vietnamese,b,6390.000000000019,0.028601096058437452,0.08349310375023276,0.2528003899355765,3.3074598948978777
Russian,Russian,sq,3298.9999999999827,0.03248520120396512,0.09551192654518126,0.1783815897481249,4.893473420128301
Russian,Russian,a,3298.9999999999827,0.03248520120396512,0.09551192654518126,0.1783815897481249,4.893502280333205
Russian,Russian,b,3298.9999999999827,0.03248520120396512,0.09551192654518126,0.1783815897481249,4.893502280333205
