geoid,name,lon,lat,pop5,english_only,spanish,slavic,chinese,vietnamese,other_asian_pacific,age5_17,age5_17_spanish,age5_17_other_indo_european,age5_17_asian_pacific,pop5_moe,english_only_moe,spanish_moe,slavic_moe,chinese_moe,vietnamese_moe,other_asian_pacific_moe,age5_17_moe,age5_17_spanish_moe,age5_17_other_indo_european_moe,age5_17_asian_pacific_moe
41051003100,Census Tract 31; Multnomah County; Oregon,-122.635811,45.555402,4721,4489,141,45,0,0,0,491,12,15,0,716,688,115,55,13,13,13,119,20,25,13
41051003501,Census Tract 35.01; Multnomah County; Oregon,-122.685974,45.559571,3668,3472,79,32,22,63,0,228,0,0,0,429,439,71,53,34,100,13,116,13,13,13
41051003803,Census Tract 38.03; Multnomah County; Oregon,-122.684742,45.566332,4229,3740,93,37,78,60,69,394,0,13,0,501,494,108,44,100,91,63,170,13,23,13
41051006601,Census Tract 66.01; Multnomah County; Oregon,-122.733396,45.472851,2454,2122,120,44,12,0,26,187,0,0,0,372,347,147,65,18,13,38,89,13,13,13
41051000801,Census Tract 8.01; Multnomah County; Oregon,-122.611032,45.501326,4636,4216,121,98,12,17,0,650,0,33,0,600,573,85,109,21,30,13,192,13,34,13
41051002502,Census Tract 25.02; Multnomah County; Oregon,-122.638658,45.534499,4228,3888,119,34,0,1,73,343,3,0,0,540,548,100,57,13,10,84,108,4,13,13
41051006701,Census Tract 67.01; Multnomah County; Oregon,-122.733429,45.480771,3142,2816,55,4,211,6,0,598,0,0,0,514,393,44,8,286,25,13,229,13,13,13
41051005702,Census Tract 57.02; Multnomah County; Oregon,-122.675255,45.50983,4161,3424,284,17,0,0,51,74,0,0,0,519,536,166,27,13,13,51,78,13,13,13
41051010602,Census Tract 106.02; Multnomah County; Oregon,-122.674685,45.519538,1939,1733,80,10,0,12,47,27,0,0,0,250,242,85,16,13,19,40,32,13,13,13
41051003200,Census Tract 32; Multnomah County; Oregon,-122.645481,45.555437,4267,3973,77,9,12,11,50,709,0,17,5,724,760,68,14,20,18,64,364,13,19,14
41051003402,Census Tract 34.02; Multnomah County; Oregon,-122.668549,45.551383,4407,3495,346,0,0,55,80,464,0,0,22,773,606,297,13,13,56,101,234,13,13,34
41051004200,Census Tract 42; Multnomah County; Oregon,-122.759438,45.590699,3826,3332,365,9,0,0,19,311,38,0,0,420,438,197,16,13,13,28,78,35,13,13
41051006402,Census Tract 64.02; Multnomah County; Oregon,-122.699575,45.446231,5910,4912,161,17,251,70,179,1213,10,26,173,672,485,107,28,288,54,171,446,18,31,170
41051007400,Census Tract 74; Multnomah County; Oregon,-122.609677,45.567548,3837,2615,875,8,0,0,46,781,168,0,19,408,432,357,12,13,13,58,318,117,13,25
41051007500,Census Tract 75; Multnomah County; Oregon,-122.60779,45.555493,4926,4332,345,0,0,132,21,615,54,0,0,587,591,189,19,19,88,38,284,67,19,19
41051008600,Census Tract 86; Multnomah County; Oregon,-122.584199,45.466516,3870,2916,355,47,170,264,46,490,0,0,36,722,711,217,68,127,196,68,275,13,13,33
41051008902,Census Tract 89.02; Multnomah County; Oregon,-122.560942,45.467836,4077,3182,329,49,194,50,124,586,31,17,57,744,690,197,85,108,80,194,193,33,29,68
41051000502,Census Tract 5.02; Multnomah County; Oregon,-122.584074,45.484662,4668,3974,247,5,97,192,55,502,0,16,46,556,600,221,9,114,146,76,176,13,27,53
41051001202,Census Tract 12.02; Multnomah County; Oregon,-122.64231,45.50849,3055,2914,73,0,14,0,25,327,0,15,0,679,680,46,13,25,13,26,94,13,27,13
41051002203,Census Tract 22.03; Multnomah County; Oregon,-122.667516,45.542905,4355,3893,297,0,16,0,40,534,83,0,0,609,611,224,13,26,13,60,209,101,13,13
41051002501,Census Tract 25.01; Multnomah County; Oregon,-122.638996,45.543009,4524,4204,51,0,21,0,8,1000,0,90,0,518,526,44,13,23,13,13,220,13,64,13
41051006002,Census Tract 60.02; Multnomah County; Oregon,-122.687604,45.474441,2180,1964,51,14,0,0,9,324,2,16,0,239,199,52,16,13,13,11,93,6,26,13
41051000201,Census Tract 2.01; Multnomah County; Oregon,-122.642769,45.467263,3628,3141,76,310,14,0,17,666,0,115,0,978,996,52,216,24,13,19,297,13,72,13
41051005701,Census Tract 57.01; Multnomah County; Oregon,-122.674034,45.50422,451,378,0,23,42,0,8,7,0,0,7,198,172,13,31,47,13,13,12,13,13,12
41051000202,Census Tract 2.02; Multnomah County; Oregon,-122.645702,45.483603,3402,3101,227,23,30,0,0,418,14,0,0,358,346,164,25,50,13,13,120,19,13,13
41051005902,Census Tract 59.02; Multnomah County; Oregon,-122.669867,45.49536,3374,2883,27,13,90,20,50,94,0,16,0,491,462,47,22,65,33,45,95,13,25,13
41051001704,Census Tract 17.04; Multnomah County; Oregon,-122.586127,45.52296,2730,2439,78,0,0,129,0,199,12,0,0,697,718,73,13,13,174,13,88,22,13,13
41051001101,Census Tract 11.01; Multnomah County; Oregon,-122.666018,45.510124,2974,2734,76,23,0,47,35,44,15,0,0,294,283,57,25,13,42,42,19,7,13,13
41051005500,Census Tract 55; Multnomah County; Oregon,-122.691898,45.513811,2395,2070,51,19,106,0,67,43,0,0,0,343,326,49,31,127,13,85,51,13,13,13
41051003502,Census Tract 35.02; Multnomah County; Oregon,-122.681827,45.550257,2862,2513,64,28,0,14,0,332,32,0,0,454,430,55,28,13,16,13,119,39,13,13
41051001500,Census Tract 15; Multnomah County; Oregon,-122.606618,45.510469,3559,3140,140,29,30,18,73,631,49,48,29,368,403,101,34,33,20,71,140,53,49,36
41051002901,Census Tract 29.01; Multnomah County; Oregon,-122.593636,45.550583,4241,3892,44,0,0,93,0,258,0,18,45,943,949,48,13,13,120,13,123,13,29,61
41051003603,Census Tract 36.03; Multnomah County; Oregon,-122.625536,45.565574,1598,1402,52,0,24,66,0,115,14,0,11,272,254,40,13,25,77,13,70,15,13,18
41051001302,Census Tract 13.02; Multnomah County; Oregon,-122.62869,45.506688,3388,3041,82,21,67,0,15,370,0,29,0,401,428,63,32,71,13,23,129,13,43,13
41051001204,Census Tract 12.04; Multnomah County; Oregon,-122.642195,45.51739,2692,2559,75,29,0,0,10,78,0,0,0,327,319,72,35,13,13,16,58,13,13,13
41051004003,Census Tract 40.03; Multnomah County; Oregon,-122.723389,45.588987,7511,5832,891,0,0,79,204,1456,267,0,0,643,680,352,19,19,101,126,310,145,19,19
41051005202,Census Tract 52.02; Multnomah County; Oregon,-122.694689,45.520353,2711,1938,548,25,43,0,2,201,128,21,0,273,389,327,41,49,13,5,186,189,27,13
41051006602,Census Tract 66.02; Multnomah County; Oregon,-122.708519,45.471401,5311,4675,360,77,21,0,0,729,171,16,0,573,582,307,95,34,19,19,128,188,26,19
41051000601,Census Tract 6.01; Multnomah County; Oregon,-122.567497,45.48332,5169,3843,211,176,378,329,86,1117,31,95,139,607,583,198,285,280,213,115,283,44,155,110
41051002701,Census Tract 27.01; Multnomah County; Oregon,-122.616809,45.543748,2870,2667,54,0,10,76,7,555,0,37,16,254,277,47,13,15,76,11,78,13,38,25
41051003302,Census Tract 33.02; Multnomah County; Oregon,-122.655973,45.550693,4026,3183,701,0,28,0,27,534,31,6,0,1030,505,700,13,37,13,45,198,42,10,13
41051006100,Census Tract 61; Multnomah County; Oregon,-122.701864,45.486268,2283,2118,73,14,0,0,0,358,0,21,0,266,261,62,21,13,13,13,66,13,31,13
41051001000,Census Tract 10; Multnomah County; Oregon,-122.64952,45.495777,5699,5140,125,53,47,1,42,506,0,0,36,668,658,83,68,52,3,68,140,19,19,43
41051000602,Census Tract 6.02; Multnomah County; Oregon,-122.571834,45.473093,5184,4123,242,115,91,378,77,818,25,14,20,712,643,217,118,101,240,101,170,45,24,32
41051002002,Census Tract 20.02; Multnomah County; Oregon,-122.641352,45.524482,3763,3096,477,0,17,0,77,141,0,13,0,501,432,332,13,26,13,84,78,13,24,13
41051002401,Census Tract 24.01; Multnomah County; Oregon,-122.652418,45.543654,2884,2632,89,35,0,7,0,454,0,0,0,494,481,73,51,13,13,13,92,13,13,13
41051003602,Census Tract 36.02; Multnomah County; Oregon,-122.640346,45.569644,6540,6078,179,20,0,0,79,932,27,16,0,828,822,164,27,19,19,78,251,48,26,19
41051004002,Census Tract 40.02; Multnomah County; Oregon,-122.729132,45.575907,6211,5539,256,7,45,24,62,482,16,0,0,723,713,106,15,39,31,43,206,29,19,19
41051004700,Census Tract 47; Multnomah County; Oregon,-122.700699,45.528681,3679,3224,66,47,0,24,17,291,0,84,0,504,402,60,47,13,38,28,33,13,87,13
41051003702,Census Tract 37.02; Multnomah County; Oregon,-122.668153,45.567201,2371,1965,135,0,0,0,0,293,0,50,0,335,282,93,13,13,13,13,111,13,46,13
41051004500,Census Tract 45; Multnomah County; Oregon,-122.696701,45.539744,3122,2714,228,50,21,0,0,264,18,0,0,468,318,232,48,34,13,13,59,27,13,13
41051004800,Census Tract 48; Multnomah County; Oregon,-122.694459,45.52737,2500,2246,112,0,0,0,0,75,0,31,0,332,293,78,13,13,13,13,49,13,45,13
41051006502,Census Tract 65.02; Multnomah County; Oregon,-122.7134,45.461563,4434,4099,167,0,123,0,0,447,37,0,58,693,680,125,13,144,13,13,87,44,13,78
41051007600,Census Tract 76; Multnomah County; Oregon,-122.586567,45.561562,3575,2427,941,0,0,73,100,484,282,0,0,603,370,418,13,13,97,122,174,139,13,13
41051008301,Census Tract 83.01; Multnomah County; Oregon,-122.572119,45.497387,4211,2335,438,85,586,504,8,756,265,19,134,541,522,226,130,210,327,13,299,183,29,117
41051008700,Census Tract 87; Multnomah County; Oregon,-122.602667,45.470956,4328,3957,57,0,66,129,0,701,7,0,83,606,597,44,13,95,111,13,237,11,13,83
41051006802,Census Tract 68.02; Multnomah County; Oregon,-122.719431,45.492052,3418,3040,119,27,26,0,18,546,0,18,0,536,518,118,42,32,13,19,140,13,24,13
41051006801,Census Tract 68.01; Multnomah County; Oregon,-122.735787,45.492587,2117,1951,40,0,0,0,0,386,8,21,0,249,252,36,13,13,13,13,93,16,22,13
41051000302,Census Tract 3.02; Multnomah County; Oregon,-122.627284,45.470582,6671,6280,127,10,79,13,0,1255,72,0,0,622,570,132,16,86,22,19,226,82,19,19
41051000501,Census Tract 5.01; Multnomah County; Oregon,-122.594416,45.482436,3927,3706,59,32,100,0,0,582,0,0,0,538,534,42,33,144,13,13,251,13,13,13
41051001601,Census Tract 16.01; Multnomah County; Oregon,-122.590342,45.513797,5576,4804,165,77,56,225,99,720,0,14,60,381,400,88,78,69,214,77,187,19,23,62
41051001702,Census Tract 17.02; Multnomah County; Oregon,-122.573844,45.526385,3806,3435,81,0,14,156,41,338,12,0,6,555,547,82,13,31,108,51,88,21,13,10
41051001900,Census Tract 19; Multnomah County; Oregon,-122.623297,45.526986,4759,4442,53,0,22,9,82,989,0,0,54,530,525,36,13,33,13,84,186,13,13,48
41051002702,Census Tract 27.02; Multnomah County; Oregon,-122.616468,45.533469,3455,3006,46,0,19,77,29,466,0,18,0,547,485,31,13,35,72,27,186,13,27,13
41051000102,Census Tract 1.02; Multnomah County; Oregon,-122.659265,45.482954,3674,3322,92,74,74,81,0,608,0,13,21,314,371,66,107,75,135,13,161,13,21,35
41051000101,Census Tract 1.01; Multnomah County; Oregon,-122.655108,45.460106,3138,3094,16,0,0,0,28,378,0,0,18,629,633,20,13,13,13,44,204,13,13,28
41051002001,Census Tract 20.01; Multnomah County; Oregon,-122.634391,45.526781,2164,2031,7,0,9,18,37,238,0,0,11,267,260,12,13,13,41,33,80,13,13,19
41051005102,Census Tract 51.02; Multnomah County; Oregon,-122.680465,45.528192,3051,2603,71,70,70,0,30,19,0,0,0,428,445,55,112,79,13,51,32,13,13,13
41051001400,Census Tract 14; Multnomah County; Oregon,-122.617593,45.512033,5552,5003,383,0,39,26,30,745,31,0,9,988,1045,258,19,49,34,47,467,34,19,15
41051001602,Census Tract 16.02; Multnomah County; Oregon,-122.572179,45.51253,4616,3303,198,0,256,568,129,765,44,10,117,702,608,106,13,148,346,124,301,38,18,79
41051002303,Census Tract 23.03; Multnomah County; Oregon,-122.667198,45.534467,3875,3154,263,0,94,36,25,173,17,0,0,437,449,227,13,101,43,33,113,26,13,13
41051002402,Census Tract 24.02; Multnomah County; Oregon,-122.652127,45.534327,3398,3095,284,0,0,0,0,145,55,0,0,395,435,188,13,13,13,13,67,73,13,13
41051002600,Census Tract 26; Multnomah County; Oregon,-122.62682,45.540804,2629,2211,30,0,0,36,0,510,17,34,0,340,215,37,13,13,47,13,86,32,35,13
41051003802,Census Tract 38.02; Multnomah County; Oregon,-122.683648,45.572871,3634,3448,98,7,0,15,0,312,0,0,0,763,756,67,10,13,27,13,112,13,13,13
41051003902,Census Tract 39.02; Multnomah County; Oregon,-122.696419,45.570601,3098,2712,105,0,101,6,77,459,12,18,13,344,375,52,13,109,10,103,159,20,28,22
41051004602,Census Tract 46.02; Multnomah County; Oregon,-122.701455,45.509377,1989,1790,137,14,30,0,0,363,52,0,14,175,176,58,15,33,13,13,71,36,13,20
41051004601,Census Tract 46.01; Multnomah County; Oregon,-122.70893,45.519821,3255,2810,77,96,46,5,22,405,3,40,0,426,420,65,89,56,10,37,193,8,41,13
41051005800,Census Tract 58; Multnomah County; Oregon,-122.697716,45.499929,4716,4145,220,90,56,0,45,688,99,26,32,505,515,128,126,89,13,90,185,58,41,41
41051006001,Census Tract 60.01; Multnomah County; Oregon,-122.691197,45.491994,1411,1237,90,21,6,0,24,95,0,14,0,174,170,74,30,9,13,33,31,13,20,13
41051006501,Census Tract 65.01; Multnomah County; Oregon,-122.732359,45.456009,5525,5121,117,16,37,0,138,814,13,30,14,437,444,78,30,61,19,126,236,23,45,23
41051007201,Census Tract 72.01; Multnomah County; Oregon,-122.720588,45.632211,2378,1992,337,11,10,0,0,98,61,0,0,239,263,120,18,16,13,13,42,38,13,13
41051007202,Census Tract 72.02; Multnomah County; Oregon,-122.727045,45.612763,3878,2545,923,11,23,199,0,653,341,0,55,737,295,721,18,35,198,13,329,316,13,65
41051004300,Census Tract 43; Multnomah County; Oregon,-122.773508,45.578588,1039,913,0,0,13,0,21,142,0,4,11,215,230,13,13,14,13,32,83,13,6,17
41051006900,Census Tract 69; Multnomah County; Oregon,-122.731581,45.507362,3137,2791,147,12,19,19,0,691,53,48,6,399,408,96,18,32,27,13,195,40,71,11
41051000301,Census Tract 3.01; Multnomah County; Oregon,-122.63096,45.482227,5581,5009,265,82,58,0,37,581,17,11,13,781,772,151,68,63,19,37,377,28,15,21
41051000401,Census Tract 4.01; Multnomah County; Oregon,-122.614654,45.483852,3780,3348,49,175,44,0,71,624,0,79,19,587,565,36,236,51,13,74,231,13,117,21
41051000701,Census Tract 7.01; Multnomah County; Oregon,-122.589071,45.50143,4771,3716,435,77,205,0,210,657,78,45,73,790,524,435,121,172,13,180,164,81,71,99
41051000802,Census Tract 8.02; Multnomah County; Oregon,-122.612251,45.4954,4620,4190,170,9,12,0,145,458,0,17,0,515,486,96,15,20,13,142,130,13,26,13
41051001301,Census Tract 13.01; Multnomah County; Oregon,-122.628854,45.515404,3662,3420,82,51,0,0,38,223,0,0,0,418,429,100,59,13,13,45,113,13,13,13
41051002802,Census Tract 28.02; Multnomah County; Oregon,-122.60476,45.532566,2784,2393,116,0,24,85,13,443,41,0,6,264,255,137,13,28,94,21,101,64,13,10
41051003000,Census Tract 30; Multnomah County; Oregon,-122.624155,45.555423,4715,4389,136,0,47,30,11,657,51,0,31,646,637,102,13,75,52,19,166,60,13,48
41051003401,Census Tract 34.01; Multnomah County; Oregon,-122.668229,45.558001,3431,3103,125,0,52,0,0,344,0,0,0,353,365,78,13,69,13,13,76,13,13,13
41051003601,Census Tract 36.01; Multnomah County; Oregon,-122.655711,45.573216,4165,3878,35,15,16,15,0,479,10,0,0,480,444,41,25,31,26,13,188,17,13,13
41051003701,Census Tract 37.01; Multnomah County; Oregon,-122.668074,45.576519,4024,3401,446,0,0,7,8,398,88,0,0,473,432,276,13,13,24,13,132,116,13,13
41051001102,Census Tract 11.02; Multnomah County; Oregon,-122.65634,45.508523,1464,1352,38,0,12,0,0,141,1,0,0,179,172,31,13,18,13,13,26,6,13,13
41051005903,Census Tract 59.03; Multnomah County; Oregon,-122.673763,45.480406,3074,2826,136,8,8,8,33,258,0,0,0,585,588,89,13,14,14,56,225,13,13,13
41051004901,Census Tract 49.01; Multnomah County; Oregon,-122.697698,45.532659,3092,2668,107,5,128,0,53,52,0,0,0,382,417,69,17,103,13,77,58,13,13,13
41051005002,Census Tract 50.02; Multnomah County; Oregon,-122.688225,45.528553,1474,1261,60,0,13,0,0,0,0,0,0,193,200,50,13,19,13,13,13,13,13,13
41051003903,Census Tract 39.03; Multnomah County; Oregon,-122.708481,45.585448,3187,2740,355,0,10,0,0,424,218,0,0,645,569,169,13,16,13,13,163,125,13,13
41051005101,Census Tract 51.01; Multnomah County; Oregon,-122.681186,45.534094,4294,3536,65,0,306,0,114,198,0,0,0,768,733,71,13,289,13,135,136,13,13,13
41051002101,Census Tract 21.01; Multnomah County; Oregon,-122.660376,45.522968,1899,1572,218,12,0,0,11,72,0,0,0,411,416,143,13,13,13,18,106,13,13,13
41051001703,Census Tract 17.03; Multnomah County; Oregon,-122.58654,45.531056,3443,2735,259,0,50,122,58,406,40,25,22,409,347,179,13,51,78,40,167,55,43,29
41051005201,Census Tract 52.01; Multnomah County; Oregon,-122.688387,45.519285000000004,2471,2271,133,0,0,0,0,0,0,0,0,393,387,103,13,13,13,13,13,13,13,13
41051002102,Census Tract 21.02; Multnomah County; Oregon,-122.649533,45.524418,2324,1855,228,17,33,74,21,23,0,0,0,210,251,109,26,32,68,33,27,13,13,13
41051005001,Census Tract 50.01; Multnomah County; Oregon,-122.685165,45.528252,3322,2941,170,0,39,20,42,54,0,0,0,361,352,97,13,36,32,48,4,13,13,13
41051005602,Census Tract 56.02; Multnomah County; Oregon,-122.684365,45.511115,3116,2388,383,0,79,3,145,69,18,0,18,342,259,158,13,70,7,114,58,29,13,40
41051004103,Census Tract 41.03; Multnomah County; Oregon,-122.741082,45.603508,4043,2387,984,0,33,0,597,628,253,12,138,719,279,529,13,40,13,437,224,198,18,109
41051003904,Census Tract 39.04; Multnomah County; Oregon,-122.698761,45.583863,3868,3378,230,8,0,6,18,549,20,0,18,544,537,149,13,13,10,26,175,31,13,28
41051005103,Census Tract 51.03; Multnomah County; Oregon,-122.672995,45.527123,3333,2880,32,22,0,0,156,0,0,0,0,354,370,33,35,13,13,212,13,13,13,13
41051002902,Census Tract 29.02; Multnomah County; Oregon,-122.589177,45.540903,5982,5061,461,21,94,75,206,919,0,0,29,654,718,350,31,119,87,163,293,19,19,35
41051004102,Census Tract 41.02; Multnomah County; Oregon,-122.743025,45.587679,4473,3875,390,18,52,0,21,219,0,0,0,569,575,144,34,55,13,32,124,13,13,13
41051006200,Census Tract 62; Multnomah County; Oregon,-122.684468,45.465976,2919,2774,48,11,16,0,42,351,5,9,0,362,354,47,12,20,13,41,86,9,14,13
41051003301,Census Tract 33.01; Multnomah County; Oregon,-122.655608,45.559107,2605,2349,70,0,0,38,7,341,32,0,0,296,314,43,13,13,45,11,104,52,13,13
41051006404,Census Tract 64.04; Multnomah County; Oregon,-122.72826,45.440375,3028,2709,125,0,24,20,20,277,0,0,25,323,319,87,13,35,31,24,110,13,13,44
41051002801,Census Tract 28.01; Multnomah County; Oregon,-122.605086,45.542346,3241,2979,18,0,8,112,25,523,0,0,0,454,513,21,13,13,140,31,114,13,13,13
41051000402,Census Tract 4.02; Multnomah County; Oregon,-122.604151,45.484147,3472,3093,118,0,54,107,22,533,19,0,62,357,340,71,13,46,80,37,120,26,13,48
41051000702,Census Tract 7.02; Multnomah County; Oregon,-122.590318,45.494801,4910,3945,128,43,128,548,47,472,22,11,0,483,420,127,68,102,340,49,151,37,18,19
41051003801,Census Tract 38.01; Multnomah County; Oregon,-122.683448,45.580361,2783,2542,150,0,0,0,32,422,33,27,0,377,356,122,13,13,13,29,143,34,29,13
41051006702,Census Tract 67.02; Multnomah County; Oregon,-122.713862,45.480426,2956,2554,132,35,24,0,37,393,18,23,0,330,344,141,31,37,13,41,124,26,28,13
41051007001,Census Tract 70.01; Multnomah County; Oregon,-122.772364,45.540811,5291,3974,65,177,370,45,503,1024,38,38,194,563,550,81,152,224,69,243,217,50,50,83
41051001801,Census Tract 18.01; Multnomah County; Oregon,-122.600513,45.528271,4190,3900,36,19,0,28,98,387,11,0,0,624,668,49,31,13,47,78,213,25,13,13
41051002903,Census Tract 29.03; Multnomah County; Oregon,-122.570335,45.543372,4161,3668,106,0,30,247,0,588,0,0,62,454,522,101,13,48,219,13,137,13,13,90
41051005901,Census Tract 59.01; Multnomah County; Oregon,-122.680758,45.486618,2343,2079,132,0,34,0,54,244,0,0,0,489,498,81,13,43,13,62,209,13,13,13
41051004104,Census Tract 41.04; Multnomah County; Oregon,-122.766931,45.604662,3150,2600,514,26,10,0,0,930,179,0,0,609,624,354,33,20,13,13,445,152,13,13
41051005601,Census Tract 56.01; Multnomah County; Oregon,-122.683065,45.51454,2488,1754,135,0,316,0,0,14,3,0,0,350,327,88,13,212,13,13,7,4,13,13
41051000902,Census Tract 9.02; Multnomah County; Oregon,-122.63111,45.494988,4932,4012,320,22,140,0,359,421,0,0,67,653,597,175,37,119,19,334,144,19,19,96
41051001203,Census Tract 12.03; Multnomah County; Oregon,-122.642189,45.513607,2736,2585,72,0,23,0,28,147,1,0,7,605,595,58,13,31,13,44,54,6,13,19
41051010601,Census Tract 106.01; Multnomah County; Oregon,-122.682819,45.51982,1646,1502,21,31,0,14,0,34,0,0,0,217,208,23,35,13,23,13,35,13,13,13
41051008800,Census Tract 88; Multnomah County; Oregon,-122.602637,45.466501,3766,3102,247,45,10,336,9,426,30,0,96,492,448,95,68,15,316,18,170,31,13,144
41051007002,Census Tract 70.02; Multnomah County; Oregon,-122.788354,45.562352,2558,2147,146,18,14,17,10,418,0,36,0,485,421,109,20,21,26,16,152,13,54,13
41051006403,Census Tract 64.03; Multnomah County; Oregon,-122.721138,45.44952,3878,3057,274,58,13,0,87,652,57,23,30,539,517,176,58,21,13,92,193,49,38,50
41051000901,Census Tract 9.01; Multnomah County; Oregon,-122.631119,45.499577,3577,3359,41,0,27,0,0,410,12,50,0,364,435,33,13,47,13,13,67,28,78,13
41051001802,Census Tract 18.02; Multnomah County; Oregon,-122.6069,45.520656,3635,3182,37,0,53,0,336,582,0,10,272,499,246,30,13,68,13,464,368,13,16,354
41051980000,Census Tract 9800; Multnomah County; Oregon,-122.704744,45.556719,0,0,0,0,0,0,0,0,0,0,0,13,13,13,13,13,13,13,13,13,13,13
41051004902,Census Tract 49.02; Multnomah County; Oregon,-122.690616,45.52637,2509,2277,83,25,0,0,34,3,0,0,0,416,430,92,46,13,13,47,18,13,13,13
