year,level,row_type,neighborhood,own_neighborhood_school,own_neighborhood_school_pct,other_neighborhood_school,other_neighborhood_school_pct,pps_alternative,pps_alternative_pct,community_based_alternative,community_based_alternative_pct,special_services,special_services_pct,pps_charter,pps_charter_pct,total
2019-20,Elementary,school,Abernethy,468,82,3,1,76,13,0,0,1,0,22,4,570
2019-20,Elementary,school,Ainsworth,456,91,24,5,15,3,0,0,0,0,7,1,502
2019-20,Elementary,school,Alameda,653,90,22,3,38,5,0,0,0,0,14,2,727
2019-20,Elementary,school,Arleta,423,65,58,9,155,24,0,0,3,0,11,2,650
2019-20,Elementary,school,Astor,323,70,41,9,62,13,0,0,8,2,30,6,464
2019-20,Elementary,school,Atkinson,229,76,11,4,45,15,0,0,2,1,14,5,301
2019-20,Elementary,school,Beach,270,68,43,11,28,7,0,0,3,1,53,13,397
2019-20,Elementary,school,Beverly Cleary,572,86,24,4,52,8,0,0,2,0,13,2,663
2019-20,Elementary,school,Boise-Eliot/Humboldt,229,56,62,15,59,14,0,0,0,0,57,14,407
2019-20,Elementary,school,Bridger,301,54,72,13,157,28,0,0,5,1,22,4,557
2019-20,Elementary,school,Bridlemile,451,83,25,5,54,10,0,0,1,0,14,3,545
2019-20,Elementary,school,Buckman,175,74,17,7,21,9,0,0,5,2,17,7,235
2019-20,Elementary,school,Capitol Hill,363,78,40,9,49,10,0,0,3,1,13,3,468
2019-20,Elementary,school,César Chávez,266,63,109,26,21,5,4,1,4,1,15,4,419
2019-20,Elementary,school,Chapman,412,75,35,6,57,10,0,0,6,1,43,8,553
2019-20,Elementary,school,Chief Joseph,260,64,28,7,65,16,0,0,3,1,49,12,405
2019-20,Elementary,school,Creston,278,57,41,8,156,32,0,0,2,0,12,2,489
2019-20,Elementary,school,Duniway,469,84,35,6,44,8,0,0,2,0,7,1,557
2019-20,Elementary,school,Faubion,584,75,73,9,83,11,0,0,7,1,31,4,778
2019-20,Elementary,school,Forest Park,395,91,10,2,22,5,0,0,0,0,7,2,434
2019-20,Elementary,school,Glencoe,425,63,34,5,203,30,0,0,5,1,13,2,680
2019-20,Elementary,school,Grout,318,63,36,7,108,22,0,0,12,2,27,5,501
2019-20,Elementary,school,Harrison Park,583,64,80,9,213,24,0,0,6,1,23,3,905
2019-20,Elementary,school,Hayhurst,393,80,62,13,23,5,0,0,4,1,8,2,490
2019-20,Elementary,school,Irvington,255,74,34,10,39,11,0,0,4,1,12,3,344
2019-20,Elementary,school,James John,280,60,76,16,55,12,0,0,1,0,52,11,464
2019-20,Elementary,school,Kelly,255,66,41,11,84,22,0,0,3,1,6,2,389
2019-20,Elementary,school,Laurelhurst,641,87,14,2,67,9,0,0,9,1,8,1,739
2019-20,Elementary,school,Lee,224,59,59,16,77,20,0,0,0,0,17,5,377
2019-20,Elementary,school,Lent,337,69,53,11,78,16,1,0,2,0,18,4,489
2019-20,Elementary,school,Lewis,338,83,33,8,35,9,0,0,3,1,0,0,409
2019-20,Elementary,school,Llewellyn,445,88,19,4,35,7,0,0,2,0,4,1,505
2019-20,Elementary,school,Maplewood,344,75,31,7,63,14,0,0,4,1,18,4,460
2019-20,Elementary,school,Markham,397,73,84,15,42,8,0,0,0,0,22,4,545
2019-20,Elementary,school,Marysville,301,62,66,14,98,20,0,0,5,1,14,3,484
2019-20,Elementary,school,MLK Jr,147,58,46,18,32,13,0,0,2,1,27,11,254
2019-20,Elementary,school,Peninsula,191,52,74,20,56,15,0,0,0,0,46,13,367
2019-20,Elementary,school,Rieke,333,82,25,6,34,8,0,0,3,1,12,3,407
2019-20,Elementary,school,Rigler,241,48,164,33,62,12,0,0,1,0,35,7,503
2019-20,Elementary,school,Rosa Parks,233,57,73,18,71,17,0,0,4,1,26,6,407
2019-20,Elementary,school,Rose City Park,309,72,50,12,58,13,0,0,1,0,13,3,431
2019-20,Elementary,school,Sabin,340,75,44,10,34,8,0,0,4,1,30,7,452
2019-20,Elementary,school,Scott,326,66,59,12,89,18,0,0,3,1,15,3,492
2019-20,Elementary,school,Sitton,314,68,74,16,44,10,0,0,5,1,25,5,462
2019-20,Elementary,school,Skyline,217,87,12,5,12,5,0,0,2,1,7,3,250
2019-20,Elementary,school,Stephenson,319,87,24,7,19,5,0,0,1,0,2,1,365
2019-20,Elementary,school,Sunnyside Environmental,370,84,19,4,47,11,0,0,1,0,5,1,442
2019-20,Elementary,school,Vernon,501,66,73,10,131,17,1,0,4,1,50,7,760
2019-20,Elementary,school,Vestal,220,53,37,9,119,29,0,0,3,1,38,9,417
2019-20,Elementary,school,Whitman,183,57,52,16,66,21,0,0,2,1,16,5,319
2019-20,Elementary,school,Woodlawn,257,57,75,17,76,17,0,0,2,0,40,9,450
2019-20,Elementary,school,Woodmere,236,67,40,11,73,21,0,0,1,0,3,1,353
2019-20,Elementary,school,Woodstock,345,77,38,9,52,12,0,0,1,0,10,2,446
2019-20,Elementary,level_total,Elementary Total,18195,71,2474,10,3554,14,6,0,157,1,1093,4,25479
2019-20,Middle,school,Beaumont,482,77,52,8,86,14,0,0,0,0,7,1,627
2019-20,Middle,school,George,392,62,103,16,101,16,13,2,5,1,21,3,635
2019-20,Middle,school,Gray,521,82,34,5,70,11,0,0,2,0,5,1,632
2019-20,Middle,school,Harriet Tubman,331,52,114,18,160,25,3,0,6,1,17,3,631
2019-20,Middle,school,Hosford,541,67,47,6,208,26,0,0,12,1,3,0,811
2019-20,Middle,school,Jackson,745,86,30,3,78,9,0,0,2,0,8,1,863
2019-20,Middle,school,Lane,376,71,51,10,93,18,0,0,6,1,2,0,528
2019-20,Middle,school,Mt Tabor,420,80,11,2,85,16,1,0,5,1,3,1,525
2019-20,Middle,school,Ockley Green,398,59,96,14,124,18,11,2,5,1,44,6,678
2019-20,Middle,school,Roseway Heights,557,67,90,11,169,20,1,0,6,1,9,1,832
2019-20,Middle,school,Sellwood,566,82,18,3,99,14,0,0,2,0,4,1,689
2019-20,Middle,school,West Sylvan,746,87,25,3,73,9,0,0,3,0,9,1,856
2019-20,Middle,level_total,Middle Total,6075,73,671,8,1346,16,29,0,54,1,132,2,8307
2019-20,High,school,Cleveland,1415,74,86,5,219,12,131,7,49,3,0,0,1900
2019-20,High,school,Franklin,1761,74,93,4,294,12,201,8,44,2,0,0,2393
2019-20,High,school,Grant,860,87,18,2,72,7,19,2,14,1,0,0,983
2019-20,High,school,Jefferson / Grant,129,13,605,63,159,17,58,6,7,1,0,0,958
2019-20,High,school,Jefferson / Madison,84,26,111,34,83,26,37,11,7,2,0,0,322
2019-20,High,school,Jefferson / Roosevelt,256,28,299,32,270,29,90,10,13,1,0,0,928
2019-20,High,cluster_subtotal,Jefferson Total,469,21,1015,46,512,23,185,8,27,1,0,0,2208
2019-20,High,school,Lincoln,1363,90,35,2,65,4,26,2,20,1,0,0,1509
2019-20,High,school,Madison,890,56,204,13,322,20,140,9,23,1,0,0,1579
2019-20,High,school,Roosevelt,838,69,78,6,127,10,134,11,36,3,0,0,1213
2019-20,High,school,Wilson,1476,84,115,7,98,6,57,3,17,1,0,0,1763
2019-20,High,level_total,High Total,9072,67,1644,12,1709,13,893,7,230,2,0,0,13548
2019-20,Out of District/Undetermined,residual,out of district,0,0,551,42,508,39,45,3,55,4,160,12,1319
2019-20,Out of District/Undetermined,level_total,Out of District/Undetermined Total,0,0,551,42,508,39,45,3,55,4,160,12,1319
2019-20,Grand Total,grand_total,Grand Total,33342,69,5340,11,7117,15,973,2,496,1,1385,3,48653
2020-21,Elementary,school,Abernethy,414,80,9,2,64,12,0,0,1,0,29,6,517
2020-21,Elementary,school,Ainsworth,409,90,23,5,14,3,0,0,0,0,8,2,454
2020-21,Elementary,school,Alameda,574,90,18,3,30,5,0,0,0,0,14,2,636
2020-21,Elementary,school,Arleta,391,62,70,11,155,25,0,0,2,0,11,2,629
2020-21,Elementary,school,Astor,302,71,35,8,59,14,0,0,2,0,28,7,426
2020-21,Elementary,school,Atkinson,222,77,11,4,45,16,0,0,0,0,11,4,289
2020-21,Elementary,school,Beach,240,67,38,11,31,9,0,0,0,0,50,14,359
2020-21,Elementary,school,Beverly Cleary,536,87,19,3,50,8,0,0,0,0,14,2,619
2020-21,Elementary,school,Boise-Eliot/Humboldt,220,57,54,14,56,14,0,0,0,0,57,15,387
2020-21,Elementary,school,Bridger,312,57,71,13,145,26,0,0,2,0,22,4,552
2020-21,Elementary,school,Bridlemile,378,80,17,4,59,13,0,0,0,0,16,3,470
2020-21,Elementary,school,Buckman,180,76,20,8,16,7,0,0,3,1,18,8,237
2020-21,Elementary,school,Capitol Hill,302,76,36,9,50,13,0,0,0,0,10,3,398
2020-21,Elementary,school,César Chávez,244,65,93,25,20,5,1,0,1,0,17,5,376
2020-21,Elementary,school,Chapman,335,69,33,7,65,13,0,0,3,1,52,11,488
2020-21,Elementary,school,Chief Joseph,243,62,33,8,65,17,0,0,0,0,48,12,389
2020-21,Elementary,school,Creston,291,60,33,7,142,30,0,0,1,0,14,3,481
2020-21,Elementary,school,Duniway,440,86,31,6,35,7,0,0,0,0,7,1,513
2020-21,Elementary,school,Faubion,588,75,85,11,75,10,0,0,3,0,31,4,782
2020-21,Elementary,school,Forest Park,344,90,7,2,23,6,0,0,0,0,7,2,381
2020-21,Elementary,school,Glencoe,377,60,32,5,206,33,0,0,1,0,12,2,628
2020-21,Elementary,school,Grout,303,63,41,9,100,21,0,0,11,2,23,5,478
2020-21,Elementary,school,Harrison Park,523,63,64,8,224,27,0,0,2,0,21,3,834
2020-21,Elementary,school,Hayhurst,335,73,48,11,63,14,0,0,0,0,11,2,457
2020-21,Elementary,school,Irvington,241,74,33,10,35,11,0,0,1,0,17,5,327
2020-21,Elementary,school,James John,249,61,62,15,46,11,0,0,1,0,49,12,407
2020-21,Elementary,school,Kelly,236,64,41,11,84,23,0,0,3,1,7,2,371
2020-21,Elementary,school,Laurelhurst,634,86,16,2,74,10,0,0,6,1,11,1,741
2020-21,Elementary,school,Lee,220,61,41,11,79,22,0,0,1,0,20,6,361
2020-21,Elementary,school,Lent,328,69,54,11,74,16,0,0,2,0,16,3,474
2020-21,Elementary,school,Lewis,317,84,30,8,30,8,0,0,1,0,1,0,379
2020-21,Elementary,school,Llewellyn,401,88,10,2,39,9,0,0,0,0,5,1,455
2020-21,Elementary,school,Maplewood,316,76,22,5,55,13,0,0,1,0,21,5,415
2020-21,Elementary,school,Markham,394,75,71,14,42,8,0,0,0,0,18,3,525
2020-21,Elementary,school,Marysville,316,64,65,13,94,19,0,0,3,1,16,3,494
2020-21,Elementary,school,MLK Jr,143,60,40,17,26,11,0,0,1,0,28,12,238
2020-21,Elementary,school,Peninsula,171,49,71,20,45,13,0,0,0,0,61,18,348
2020-21,Elementary,school,Rieke,298,82,21,6,35,10,0,0,0,0,10,3,364
2020-21,Elementary,school,Rigler,219,48,139,31,56,12,0,0,0,0,38,8,452
2020-21,Elementary,school,Rosa Parks,222,57,66,17,74,19,0,0,4,1,26,7,392
2020-21,Elementary,school,Rose City Park,315,72,47,11,64,15,0,0,1,0,12,3,439
2020-21,Elementary,school,Sabin,284,73,32,8,47,12,0,0,2,1,26,7,391
2020-21,Elementary,school,Scott,311,66,51,11,86,18,0,0,1,0,20,4,469
2020-21,Elementary,school,Sitton,289,69,69,16,39,9,0,0,1,0,22,5,420
2020-21,Elementary,school,Skyline,159,77,14,7,16,8,0,0,1,0,16,8,206
2020-21,Elementary,school,Stephenson,281,86,18,6,25,8,0,0,0,0,2,1,326
2020-21,Elementary,school,Sunnyside Environmental,347,79,22,5,64,15,0,0,1,0,5,1,439
2020-21,Elementary,school,Vernon,474,66,66,9,125,17,0,0,2,0,50,7,717
2020-21,Elementary,school,Vestal,184,50,35,10,110,30,0,0,3,1,36,10,368
2020-21,Elementary,school,Whitman,154,56,50,18,62,23,0,0,1,0,8,3,275
2020-21,Elementary,school,Woodlawn,264,61,62,14,75,17,0,0,1,0,29,7,431
2020-21,Elementary,school,Woodmere,211,67,31,10,68,22,0,0,0,0,5,2,315
2020-21,Elementary,school,Woodstock,325,78,34,8,51,12,0,0,0,0,7,2,417
2020-21,Elementary,level_total,Elementary Total,16806,71,2234,9,3512,15,1,0,70,0,1113,5,23736
2020-21,Middle,school,Beaumont,440,72,83,14,81,13,0,0,2,0,7,1,613
2020-21,Middle,school,George,392,60,98,15,109,17,12,2,5,1,35,5,651
2020-21,Middle,school,Gray,477,81,30,5,72,12,0,0,4,1,9,2,592
2020-21,Middle,school,Harriet Tubman,342,55,96,16,157,25,4,1,5,1,15,2,619
2020-21,Middle,school,Hosford,562,68,30,4,196,24,0,0,24,3,10,1,822
2020-21,Middle,school,Jackson,744,85,28,3,86,10,0,0,2,0,11,1,871
2020-21,Middle,school,Lane,348,70,46,9,92,19,0,0,6,1,3,1,495
2020-21,Middle,school,Mt Tabor,428,81,9,2,85,16,0,0,2,0,7,1,531
2020-21,Middle,school,Ockley Green,396,60,76,12,131,20,5,1,3,0,46,7,657
2020-21,Middle,school,Roseway Heights,518,66,84,11,164,21,2,0,4,1,7,1,779
2020-21,Middle,school,Sellwood,530,80,25,4,100,15,0,0,1,0,4,1,660
2020-21,Middle,school,West Sylvan,717,87,24,3,76,9,0,0,0,0,9,1,826
2020-21,Middle,level_total,Middle Total,5894,73,629,8,1349,17,23,0,58,1,163,2,8116
2020-21,High,school,Cleveland,1454,74,89,5,234,12,133,7,49,3,0,0,1959
2020-21,High,school,Franklin,1843,76,89,4,283,12,169,7,45,2,0,0,2429
2020-21,High,school,Grant,932,90,16,2,64,6,10,1,16,2,0,0,1038
2020-21,High,school,Ida B. Wells-Barnett,1462,86,78,5,99,6,53,3,16,1,0,0,1708
2020-21,High,school,Jefferson / Grant,120,13,637,67,131,14,42,4,16,2,0,0,946
2020-21,High,school,Jefferson / Madison,77,23,145,43,78,23,29,9,7,2,0,0,336
2020-21,High,school,Jefferson / Roosevelt,256,27,340,36,264,28,76,8,21,2,0,0,957
2020-21,High,cluster_subtotal,Jefferson Total,453,20,1122,50,473,21,147,7,44,2,0,0,2239
2020-21,High,school,Leodis V. McDaniel,934,58,187,12,331,21,112,7,33,2,0,0,1597
2020-21,High,school,Lincoln,1314,91,42,3,52,4,35,2,7,0,0,0,1450
2020-21,High,school,Roosevelt,882,72,70,6,115,9,131,11,35,3,0,0,1233
2020-21,High,level_total,High Total,9274,68,1693,12,1651,12,790,6,245,2,0,0,13653
2020-21,Out of District/Undetermined,residual,Undetermined,0,0,138,76,27,15,6,3,3,2,7,4,181
2020-21,Out of District/Undetermined,residual,out of district,0,0,510,41,497,40,52,4,32,3,160,13,1251
2020-21,Out of District/Undetermined,level_total,Out of District/Undetermined Total,0,0,648,45,524,37,58,4,35,2,167,12,1432
2020-21,Grand Total,grand_total,Grand Total,31974,68,5204,11,7036,15,872,2,408,1,1443,3,46937
2021-22,Elementary,school,Abernethy,349,75,8,2,80,17,0,0,4,1,23,5,464
2021-22,Elementary,school,Ainsworth,383,88,19,4,26,6,0,0,1,0,6,1,435
2021-22,Elementary,school,Alameda,491,88,21,4,33,6,0,0,5,1,9,2,559
2021-22,Elementary,school,Arleta,228,62,37,10,90,25,0,0,2,1,8,2,365
2021-22,Elementary,school,Astor,309,72,24,6,59,14,0,0,4,1,34,8,430
2021-22,Elementary,school,Atkinson,213,76,10,4,48,17,0,0,0,0,10,4,281
2021-22,Elementary,school,Beach,224,65,37,11,42,12,0,0,1,0,41,12,345
2021-22,Elementary,school,Beverly Cleary,530,88,12,2,45,7,0,0,3,0,14,2,604
2021-22,Elementary,school,Boise-Eliot/Humboldt,230,61,44,12,59,16,0,0,0,0,44,12,377
2021-22,Elementary,school,Bridger,220,60,34,9,93,25,0,0,0,0,18,5,365
2021-22,Elementary,school,Bridlemile,395,83,11,2,60,13,0,0,2,0,6,1,474
2021-22,Elementary,school,Buckman,151,73,17,8,21,10,0,0,1,0,16,8,206
2021-22,Elementary,school,Capitol Hill,304,76,34,8,57,14,0,0,1,0,6,1,402
2021-22,Elementary,school,César Chávez,225,67,71,21,25,7,0,0,1,0,16,5,338
2021-22,Elementary,school,Chapman,318,69,28,6,70,15,0,0,2,0,40,9,458
2021-22,Elementary,school,Chief Joseph,222,59,35,9,71,19,0,0,3,1,47,12,378
2021-22,Elementary,school,Creston,201,63,18,6,97,30,0,0,0,0,5,2,321
2021-22,Elementary,school,Duniway,413,84,32,7,38,8,0,0,0,0,6,1,489
2021-22,Elementary,school,Faubion,545,75,70,10,84,12,0,0,4,1,26,4,729
2021-22,Elementary,school,Forest Park,325,89,8,2,26,7,0,0,1,0,4,1,364
2021-22,Elementary,school,Glencoe,354,62,16,3,180,32,0,0,2,0,16,3,568
2021-22,Elementary,school,Grout,305,65,32,7,101,22,0,0,9,2,19,4,466
2021-22,Elementary,school,Harrison Park,471,52,108,12,297,33,0,0,6,1,19,2,901
2021-22,Elementary,school,Hayhurst,312,78,34,8,51,13,0,0,1,0,3,1,401
2021-22,Elementary,school,Irvington,204,69,24,8,44,15,0,0,3,1,21,7,296
2021-22,Elementary,school,James John,265,64,50,12,58,14,0,0,1,0,39,9,413
2021-22,Elementary,school,Kelly,233,62,55,15,77,21,0,0,3,1,5,1,373
2021-22,Elementary,school,Laurelhurst,598,84,18,3,71,10,0,0,11,2,10,1,708
2021-22,Elementary,school,Lee,207,61,27,8,85,25,0,0,1,0,18,5,338
2021-22,Elementary,school,Lent,180,66,32,12,44,16,0,0,1,0,14,5,271
2021-22,Elementary,school,Lewis,290,79,28,8,45,12,0,0,6,2,0,0,369
2021-22,Elementary,school,Llewellyn,345,87,7,2,40,10,0,0,1,0,3,1,396
2021-22,Elementary,school,Maplewood,266,78,11,3,54,16,0,0,1,0,11,3,343
2021-22,Elementary,school,Markham,401,79,53,10,45,9,0,0,1,0,9,2,509
2021-22,Elementary,school,Marysville,200,63,37,12,68,22,0,0,0,0,11,3,316
2021-22,Elementary,school,MLK Jr,130,62,31,15,23,11,0,0,2,1,25,12,211
2021-22,Elementary,school,Peninsula,157,48,61,19,46,14,0,0,2,1,61,19,327
2021-22,Elementary,school,Rieke,278,79,15,4,46,13,0,0,2,1,11,3,352
2021-22,Elementary,school,Rigler,195,46,130,30,69,16,0,0,1,0,33,8,428
2021-22,Elementary,school,Rosa Parks,179,55,59,18,61,19,0,0,3,1,24,7,326
2021-22,Elementary,school,Rose City Park,298,75,36,9,53,13,0,0,0,0,9,2,396
2021-22,Elementary,school,Sabin,269,73,29,8,48,13,0,0,4,1,21,6,371
2021-22,Elementary,school,Scott,289,67,33,8,89,21,0,0,1,0,21,5,433
2021-22,Elementary,school,Sitton,257,66,67,17,46,12,0,0,2,1,20,5,392
2021-22,Elementary,school,Skyline,186,80,16,7,19,8,0,0,0,0,11,5,232
2021-22,Elementary,school,Stephenson,282,88,11,3,25,8,0,0,0,0,4,1,322
2021-22,Elementary,school,Sunnyside Environmental,290,76,21,5,60,16,0,0,2,1,9,2,382
2021-22,Elementary,school,Vernon,425,64,63,10,122,18,1,0,3,0,47,7,661
2021-22,Elementary,school,Vestal,159,48,30,9,114,34,0,0,3,1,25,8,331
2021-22,Elementary,school,Whitman,123,52,43,18,64,27,0,0,1,0,7,3,238
2021-22,Elementary,school,Woodlawn,234,60,52,13,73,19,0,0,1,0,29,7,389
2021-22,Elementary,school,Woodmere,195,65,29,10,69,23,0,0,1,0,7,2,301
2021-22,Elementary,school,Woodstock,298,78,24,6,49,13,0,0,1,0,8,2,380
2021-22,Elementary,level_total,Elementary Total,15151,70,1852,9,3460,16,1,0,111,1,949,4,21524
2021-22,Middle,school,Beaumont,399,68,88,15,85,15,0,0,6,1,8,1,586
2021-22,Middle,school,George,350,61,67,12,118,20,6,1,1,0,34,6,576
2021-22,Middle,school,Gray,447,77,40,7,83,14,0,0,5,1,4,1,579
2021-22,Middle,school,Harriet Tubman,308,53,84,14,166,29,2,0,4,1,18,3,582
2021-22,Middle,school,Hosford,542,68,36,4,194,24,0,0,18,2,12,1,802
2021-22,Middle,school,Jackson,696,85,22,3,88,11,0,0,5,1,12,1,823
2021-22,Middle,school,Lane,303,68,42,9,89,20,0,0,8,2,1,0,443
2021-22,Middle,school,Mt Tabor,370,78,10,2,84,18,0,0,5,1,7,1,476
2021-22,Middle,school,Ockley Green,396,61,61,9,138,21,1,0,3,0,52,8,651
2021-22,Middle,school,Roseway Heights,487,67,68,9,156,21,0,0,5,1,10,1,726
2021-22,Middle,school,Sellwood,532,81,17,3,106,16,0,0,1,0,3,0,659
2021-22,Middle,school,West Sylvan,649,86,18,2,75,10,0,0,4,1,11,1,757
2021-22,Middle,school,Kellogg,467,74,34,5,123,19,1,0,1,0,7,1,633
2021-22,Middle,level_total,Middle Total,5946,72,587,7,1505,18,10,0,66,1,179,2,8293
2021-22,High,school,Cleveland,1482,76,83,4,247,13,99,5,45,2,0,0,1956
2021-22,High,school,Franklin,1824,75,86,4,348,14,124,5,41,2,0,0,2423
2021-22,High,school,Grant,1060,91,24,2,51,4,16,1,16,1,0,0,1167
2021-22,High,school,Ida B. Wells-Barnett,1513,85,75,4,128,7,49,3,23,1,0,0,1788
2021-22,High,school,Jefferson / Grant,125,13,680,69,135,14,24,2,15,2,0,0,979
2021-22,High,school,Jefferson / McDaniel,76,21,180,50,75,21,27,7,4,1,0,0,362
2021-22,High,school,Jefferson / Roosevelt,261,28,354,38,251,27,49,5,25,3,0,0,940
2021-22,High,cluster_subtotal,Jefferson Total,462,20,1214,53,461,20,100,4,44,2,0,0,2281
2021-22,High,school,Lincoln,1282,90,43,3,50,4,39,3,13,1,0,0,1427
2021-22,High,school,McDaniel,1056,67,138,9,286,18,80,5,26,2,0,0,1586
2021-22,High,school,Roosevelt,945,77,60,5,105,9,88,7,31,3,0,0,1229
2021-22,High,level_total,High Total,9624,69,1723,12,1676,12,595,4,239,2,0,0,13857
2021-22,Out of District/Undetermined,residual,Undetermined,0,0,35,83,7,17,0,0,0,0,0,0,42
2021-22,Out of District/Undetermined,residual,Out of District,0,0,548,43,504,39,31,2,39,3,167,13,1289
2021-22,Out of District/Undetermined,level_total,Out of District/Undetermined Total,0,0,583,44,511,38,31,2,39,3,167,13,1331
2021-22,Grand Total,grand_total,Grand Total,30721,68,4745,11,7152,16,637,1,455,1,1295,3,45005
2022-23,Elementary,school,Abernethy,332,74,13,3,85,19,0,0,1,0,20,4,451
2022-23,Elementary,school,Ainsworth,403,90,19,4,10,2,0,0,2,0,12,3,446
2022-23,Elementary,school,Alameda,503,90,15,3,22,4,0,0,5,1,13,2,558
2022-23,Elementary,school,Arleta,218,64,35,10,75,22,0,0,1,0,10,3,339
2022-23,Elementary,school,Astor,289,70,36,9,53,13,0,0,2,0,31,8,411
2022-23,Elementary,school,Atkinson,204,73,14,5,53,19,0,0,0,0,10,4,281
2022-23,Elementary,school,Beach,231,70,25,8,35,11,0,0,2,1,35,11,328
2022-23,Elementary,school,Beverly Cleary,497,88,12,2,38,7,0,0,3,1,14,2,564
2022-23,Elementary,school,Boise-Eliot/Humboldt,228,59,38,10,65,17,0,0,1,0,55,14,387
2022-23,Elementary,school,Bridger,230,61,41,11,88,23,0,0,1,0,17,5,377
2022-23,Elementary,school,Bridlemile,420,85,9,2,59,12,0,0,1,0,7,1,496
2022-23,Elementary,school,Buckman,153,74,24,12,18,9,0,0,3,1,10,5,208
2022-23,Elementary,school,Capitol Hill,316,83,33,9,28,7,0,0,0,0,5,1,382
2022-23,Elementary,school,César Chávez,221,71,61,20,14,5,2,1,3,1,10,3,311
2022-23,Elementary,school,Chapman,328,70,36,8,64,14,0,0,7,1,33,7,468
2022-23,Elementary,school,Chief Joseph,224,59,36,10,75,20,0,0,6,2,36,10,377
2022-23,Elementary,school,Creston,212,62,14,4,105,31,0,0,3,1,6,2,340
2022-23,Elementary,school,Duniway,401,86,26,6,32,7,0,0,1,0,7,1,467
2022-23,Elementary,school,Faubion,529,75,70,10,73,10,0,0,3,0,31,4,706
2022-23,Elementary,school,Forest Park,322,91,7,2,20,6,0,0,0,0,3,1,352
2022-23,Elementary,school,Glencoe,378,65,18,3,170,29,0,0,2,0,18,3,586
2022-23,Elementary,school,Grout,282,64,25,6,104,24,0,0,10,2,20,5,441
2022-23,Elementary,school,Harrison Park,495,55,98,11,276,31,0,0,4,0,23,3,896
2022-23,Elementary,school,Hayhurst,311,79,26,7,52,13,0,0,3,1,4,1,396
2022-23,Elementary,school,Irvington,190,66,31,11,41,14,0,0,1,0,24,8,287
2022-23,Elementary,school,James John,269,66,47,12,47,12,0,0,2,0,43,11,408
2022-23,Elementary,school,Kelly,199,58,49,14,84,25,0,0,4,1,5,1,341
2022-23,Elementary,school,Laurelhurst,632,86,13,2,68,9,0,0,12,2,11,1,736
2022-23,Elementary,school,Lee,226,66,21,6,73,21,0,0,1,0,20,6,341
2022-23,Elementary,school,Lent,169,63,30,11,50,19,0,0,2,1,19,7,270
2022-23,Elementary,school,Lewis,280,79,25,7,44,12,0,0,5,1,1,0,355
2022-23,Elementary,school,Llewellyn,369,88,6,1,39,9,0,0,3,1,2,0,419
2022-23,Elementary,school,Maplewood,289,82,14,4,40,11,0,0,1,0,8,2,352
2022-23,Elementary,school,Markham,398,79,56,11,36,7,0,0,1,0,12,2,503
2022-23,Elementary,school,Marysville,232,69,34,10,63,19,0,0,1,0,7,2,337
2022-23,Elementary,school,MLK Jr,133,64,35,17,16,8,0,0,1,0,24,11,209
2022-23,Elementary,school,Peninsula,176,52,55,16,49,15,0,0,3,1,54,16,337
2022-23,Elementary,school,Rieke,272,82,12,4,40,12,0,0,0,0,6,2,330
2022-23,Elementary,school,Rigler,195,44,147,33,59,13,0,0,4,1,34,8,439
2022-23,Elementary,school,Rosa Parks,170,54,54,17,59,19,0,0,3,1,27,9,313
2022-23,Elementary,school,Rose City Park,303,77,28,7,47,12,0,0,4,1,10,3,392
2022-23,Elementary,school,Sabin,254,73,27,8,46,13,0,0,2,1,19,5,348
2022-23,Elementary,school,Scott,315,70,30,7,81,18,0,0,0,0,22,5,448
2022-23,Elementary,school,Sitton,297,71,65,15,39,9,0,0,3,1,16,4,420
2022-23,Elementary,school,Skyline,197,82,15,6,18,8,0,0,2,1,7,3,239
2022-23,Elementary,school,Stephenson,277,89,7,2,26,8,0,0,0,0,2,1,312
2022-23,Elementary,school,Sunnyside Environmental,269,78,10,3,59,17,0,0,0,0,9,3,347
2022-23,Elementary,school,Vernon,448,66,55,8,119,18,0,0,6,1,46,7,674
2022-23,Elementary,school,Vestal,178,53,35,10,96,28,0,0,3,1,27,8,339
2022-23,Elementary,school,Whitman,121,55,44,20,50,23,0,0,0,0,4,2,219
2022-23,Elementary,school,Woodlawn,237,61,48,12,64,16,0,0,2,1,37,10,388
2022-23,Elementary,school,Woodmere,191,65,28,9,68,23,0,0,1,0,7,2,295
2022-23,Elementary,school,Woodstock,304,78,21,5,54,14,0,0,3,1,6,2,388
2022-23,Elementary,level_total,Elementary Total,15317,72,1773,8,3189,15,2,0,134,1,939,4,21354
2022-23,Middle,school,Beaumont,385,68,97,17,76,13,0,0,5,1,7,1,570
2022-23,Middle,school,George,366,63,63,11,107,18,8,1,6,1,32,5,582
2022-23,Middle,school,Gray,453,76,42,7,91,15,0,0,3,1,6,1,595
2022-23,Middle,school,Harriet Tubman,298,56,62,12,154,29,2,0,4,1,16,3,536
2022-23,Middle,school,Hosford,488,65,38,5,193,26,0,0,12,2,21,3,752
2022-23,Middle,school,Jackson,741,85,26,3,96,11,0,0,4,0,7,1,874
2022-23,Middle,school,Lane,283,70,27,7,92,23,0,0,2,0,1,0,405
2022-23,Middle,school,Mt Tabor,341,75,8,2,95,21,0,0,3,1,8,2,455
2022-23,Middle,school,Ockley Green,416,66,50,8,107,17,3,0,6,1,47,7,629
2022-23,Middle,school,Roseway Heights,469,64,71,10,177,24,1,0,5,1,10,1,733
2022-23,Middle,school,Sellwood,545,82,21,3,95,14,0,0,1,0,3,0,665
2022-23,Middle,school,West Sylvan,674,85,15,2,93,12,0,0,5,1,10,1,797
2022-23,Middle,school,Kellogg,448,75,30,5,112,19,0,0,1,0,4,1,595
2022-23,Middle,level_total,Middle Total,5907,72,550,7,1488,18,14,0,57,1,172,2,8188
2022-23,High,school,Cleveland,1416,75,81,4,268,14,91,5,42,2,0,0,1898
2022-23,High,school,Franklin,1806,74,100,4,355,15,135,6,38,2,0,0,2434
2022-23,High,school,Grant,1077,90,25,2,57,5,23,2,21,2,0,0,1203
2022-23,High,school,Ida B. Wells-Barnett,1493,87,52,3,114,7,48,3,19,1,0,0,1726
2022-23,High,school,Jefferson / Grant,137,14,705,70,104,10,46,5,16,2,0,0,1008
2022-23,High,school,Jefferson / McDaniel,95,25,185,48,75,20,22,6,7,2,0,0,384
2022-23,High,school,Jefferson / Roosevelt,257,26,404,42,237,24,55,6,20,2,0,0,973
2022-23,High,cluster_subtotal,Jefferson Total,489,21,1294,55,416,18,123,5,43,2,0,0,2365
2022-23,High,school,Lincoln,1347,91,39,3,42,3,39,3,7,0,0,0,1474
2022-23,High,school,McDaniel,1133,70,114,7,255,16,86,5,24,1,0,0,1612
2022-23,High,school,Roosevelt,1012,79,61,5,97,8,93,7,26,2,0,0,1289
2022-23,High,level_total,High Total,9773,70,1766,13,1604,11,638,5,220,2,0,0,14001
2022-23,Out of District/Undetermined,residual,Out of District,0,0,485,39,513,41,29,2,45,4,183,15,1255
2022-23,Out of District/Undetermined,level_total,Out of District/Undetermined Total,0,0,485,39,513,41,29,2,45,4,183,15,1255
2022-23,Grand Total,grand_total,Grand Total,30997,69,4574,10,6794,15,683,2,456,1,1294,3,44798
2023-24,Elementary,school,Abernethy,307,71,10,2,96,22,0,0,0,0,18,4,431
2023-24,Elementary,school,Ainsworth,418,91,17,4,11,2,0,0,1,0,14,3,461
2023-24,Elementary,school,Alameda,485,90,13,2,28,5,0,0,0,0,13,2,539
2023-24,Elementary,school,Arleta,198,58,33,10,97,28,0,0,1,0,12,4,341
2023-24,Elementary,school,Astor,291,71,32,8,54,13,1,0,3,1,30,7,411
2023-24,Elementary,school,Atkinson,220,59,14,4,125,34,0,0,1,0,13,3,373
2023-24,Elementary,school,Beach,219,70,35,11,32,10,0,0,0,0,28,9,314
2023-24,Elementary,school,Beverly Cleary,472,88,15,3,36,7,0,0,2,0,11,2,536
2023-24,Elementary,school,Boise-Eliot/Humboldt,225,60,35,9,55,15,0,0,2,1,57,15,374
2023-24,Elementary,school,Bridger Creative Science,128,47,32,12,93,34,0,0,3,1,14,5,270
2023-24,Elementary,school,Bridlemile,409,82,10,2,67,13,0,0,0,0,13,3,499
2023-24,Elementary,school,Buckman,149,76,18,9,12,6,0,0,3,2,15,8,197
2023-24,Elementary,school,Capitol Hill,337,84,22,5,30,7,0,0,1,0,11,3,401
2023-24,Elementary,school,César Chávez,231,76,47,15,15,5,0,0,1,0,11,4,305
2023-24,Elementary,school,Chapman,328,72,29,6,69,15,0,0,3,1,29,6,458
2023-24,Elementary,school,Chief Joseph,232,62,29,8,73,19,0,0,4,1,37,10,375
2023-24,Elementary,school,Clark,299,64,38,8,107,23,0,0,3,1,22,5,469
2023-24,Elementary,school,Creston,186,56,24,7,112,34,0,0,0,0,8,2,330
2023-24,Elementary,school,Duniway,392,84,27,6,38,8,0,0,0,0,7,2,464
2023-24,Elementary,school,Faubion,500,76,71,11,58,9,0,0,4,1,24,4,657
2023-24,Elementary,school,Forest Park,316,92,2,1,21,6,0,0,0,0,4,1,343
2023-24,Elementary,school,Glencoe,311,64,14,3,139,29,0,0,2,0,18,4,484
2023-24,Elementary,school,Grout,266,62,29,7,103,24,0,0,11,3,17,4,426
2023-24,Elementary,school,Hayhurst,302,80,23,6,49,13,0,0,0,0,5,1,379
2023-24,Elementary,school,Irvington,192,69,29,10,29,10,0,0,0,0,29,10,279
2023-24,Elementary,school,James John,283,68,53,13,44,11,0,0,2,0,35,8,417
2023-24,Elementary,school,Kelly,205,60,51,15,76,22,0,0,2,1,10,3,344
2023-24,Elementary,school,Laurelhurst,607,86,15,2,71,10,0,0,6,1,10,1,709
2023-24,Elementary,school,Lee,237,71,17,5,64,19,0,0,2,1,16,5,336
2023-24,Elementary,school,Lent,76,30,124,48,40,16,0,0,1,0,15,6,256
2023-24,Elementary,school,Lewis,209,82,12,5,30,12,0,0,3,1,1,0,255
2023-24,Elementary,school,Llewellyn,349,87,10,3,36,9,0,0,0,0,4,1,399
2023-24,Elementary,school,Maplewood,272,78,21,6,43,12,0,0,0,0,11,3,347
2023-24,Elementary,school,Markham,382,76,71,14,34,7,0,0,2,0,14,3,503
2023-24,Elementary,school,Marysville,201,63,37,12,71,22,0,0,1,0,7,2,317
2023-24,Elementary,school,MLK Jr,118,64,29,16,13,7,0,0,1,1,22,12,183
2023-24,Elementary,school,Peninsula,185,56,54,16,41,13,0,0,3,1,45,14,328
2023-24,Elementary,school,Rieke,263,81,11,3,42,13,0,0,1,0,7,2,324
2023-24,Elementary,school,Rigler,225,46,174,36,56,12,0,0,1,0,28,6,484
2023-24,Elementary,school,Rosa Parks,148,52,53,19,59,21,0,0,0,0,26,9,286
2023-24,Elementary,school,Rose City Park,296,78,23,6,48,13,0,0,3,1,9,2,379
2023-24,Elementary,school,Sabin,245,70,35,10,46,13,0,0,0,0,25,7,351
2023-24,Elementary,school,Scott,326,71,26,6,81,18,0,0,0,0,24,5,457
2023-24,Elementary,school,Sitton,294,75,50,13,37,9,0,0,1,0,12,3,394
2023-24,Elementary,school,Skyline,205,87,13,6,9,4,0,0,1,0,7,3,235
2023-24,Elementary,school,Stephenson,279,87,12,4,27,8,0,0,0,0,2,1,320
2023-24,Elementary,school,Sunnyside Environmental,238,78,9,3,52,17,0,0,0,0,8,3,307
2023-24,Elementary,school,Vernon,455,67,60,9,120,18,1,0,3,0,44,6,683
2023-24,Elementary,school,Vestal,176,45,73,19,108,28,0,0,3,1,30,8,390
2023-24,Elementary,school,Whitman,161,39,167,40,78,19,0,0,0,0,11,3,417
2023-24,Elementary,school,Woodlawn,244,60,60,15,62,15,0,0,1,0,37,9,404
2023-24,Elementary,school,Woodmere,150,53,58,20,68,24,0,0,1,0,6,2,283
2023-24,Elementary,school,Woodstock,227,73,27,9,47,15,0,0,0,0,9,3,310
2023-24,Elementary,level_total,Elementary Total,14469,70,1993,10,3052,15,2,0,83,0,935,5,20534
2023-24,Middle,school,Beaumont,363,66,96,17,79,14,1,0,3,1,8,1,550
2023-24,Middle,school,George,337,60,55,10,115,21,15,3,5,1,31,6,558
2023-24,Middle,school,Gray,442,80,32,6,73,13,0,0,1,0,5,1,553
2023-24,Middle,school,Harriet Tubman,272,54,65,13,146,29,2,0,3,1,13,3,501
2023-24,Middle,school,Harrison Park,229,39,143,24,207,35,0,0,4,1,11,2,594
2023-24,Middle,school,Hosford,426,57,84,11,206,28,1,0,13,2,19,3,749
2023-24,Middle,school,Jackson,674,85,23,3,85,11,0,0,1,0,6,1,789
2023-24,Middle,school,Kellogg,381,81,27,6,61,13,0,0,2,0,1,0,472
2023-24,Middle,school,Lane,347,56,121,20,143,23,0,0,2,0,3,0,616
2023-24,Middle,school,Mt Tabor,202,69,10,3,76,26,0,0,1,0,3,1,292
2023-24,Middle,school,Ockley Green,379,62,70,11,107,17,3,0,6,1,50,8,615
2023-24,Middle,school,Roseway Heights,359,70,35,7,108,21,0,0,2,0,10,2,514
2023-24,Middle,school,Sellwood,530,85,12,2,72,12,0,0,3,0,4,1,621
2023-24,Middle,school,West Sylvan,643,84,12,2,87,11,1,0,4,1,14,2,761
2023-24,Middle,level_total,Middle Total,5584,68,785,10,1565,19,23,0,50,1,178,2,8185
2023-24,High,school,Cleveland,1354,72,84,4,287,15,106,6,39,2,0,0,1870
2023-24,High,school,Franklin,1655,72,105,5,343,15,163,7,42,2,0,0,2308
2023-24,High,school,Grant,1088,92,23,2,36,3,17,1,21,2,0,0,1185
2023-24,High,school,Ida B. Wells-Barnett,1579,86,59,3,122,7,49,3,20,1,0,0,1829
2023-24,High,school,Jefferson / Grant,121,12,718,72,93,9,52,5,17,2,0,0,1001
2023-24,High,school,Jefferson / McDaniel,75,20,208,56,67,18,20,5,4,1,0,0,374
2023-24,High,school,Jefferson / Roosevelt,228,23,424,44,246,25,65,7,9,1,0,0,972
2023-24,High,cluster_subtotal,Jefferson Total,424,18,1350,58,406,17,137,6,30,1,0,0,2347
2023-24,High,school,Lincoln,1353,91,38,3,42,3,42,3,6,0,0,0,1481
2023-24,High,school,McDaniel,1266,75,127,7,205,12,76,4,22,1,0,0,1696
2023-24,High,school,Roosevelt,955,76,54,4,102,8,127,10,21,2,0,0,1259
2023-24,High,level_total,High Total,9674,69,1840,13,1543,11,717,5,201,1,0,0,13975
2023-24,Out of District/Undetermined,residual,Out of District,0,0,501,39,524,40,17,1,41,3,217,17,1300
2023-24,Out of District/Undetermined,level_total,Out of District/Undetermined Total,0,0,509,39,525,40,17,1,42,3,218,17,1311
2023-24,Grand Total,grand_total,Grand Total,29727,68,5127,12,6685,15,759,2,376,1,1331,3,44005
2024-25,Elementary,school,Abernethy,267,68,8,2,94,24,0,0,2,1,24,6,395
2024-25,Elementary,school,Ainsworth,403,91,9,2,13,3,0,0,1,0,16,4,442
2024-25,Elementary,school,Alameda,454,90,11,2,21,4,0,0,2,0,14,3,502
2024-25,Elementary,school,Arleta,195,59,29,9,97,29,0,0,1,0,11,3,333
2024-25,Elementary,school,Astor,326,75,34,8,54,13,1,0,2,0,15,3,432
2024-25,Elementary,school,Atkinson,206,60,9,3,121,35,0,0,0,0,10,3,346
2024-25,Elementary,school,Beach,196,67,40,14,32,11,0,0,2,1,24,8,294
2024-25,Elementary,school,Beverly Cleary,456,88,22,4,31,6,0,0,1,0,8,2,518
2024-25,Elementary,school,Boise-Eliot/Humboldt,219,63,23,7,48,14,0,0,0,0,57,16,347
2024-25,Elementary,school,Bridger Creative Science,129,51,25,10,88,35,0,0,1,0,11,4,254
2024-25,Elementary,school,Bridlemile,381,83,10,2,56,12,0,0,0,0,10,2,457
2024-25,Elementary,school,Buckman,126,72,16,9,17,10,0,0,1,1,15,9,175
2024-25,Elementary,school,Capitol Hill,294,79,22,6,32,9,0,0,1,0,23,6,372
2024-25,Elementary,school,César Chávez,216,73,49,17,19,6,0,0,2,1,9,3,295
2024-25,Elementary,school,Chapman,335,71,30,6,73,15,0,0,3,1,30,6,471
2024-25,Elementary,school,Chief Joseph,249,66,27,7,75,20,0,0,2,1,27,7,380
2024-25,Elementary,school,Clark,296,62,38,8,114,24,0,0,3,1,25,5,476
2024-25,Elementary,school,Creston,192,63,13,4,92,30,0,0,0,0,6,2,303
2024-25,Elementary,school,Duniway,371,86,20,5,34,8,0,0,0,0,7,2,432
2024-25,Elementary,school,Faubion,519,74,87,12,68,10,0,0,4,1,26,4,704
2024-25,Elementary,school,Forest Park,298,91,6,2,20,6,0,0,0,0,4,1,328
2024-25,Elementary,school,Glencoe,306,67,14,3,113,25,0,0,2,0,21,5,456
2024-25,Elementary,school,Grout,261,60,34,8,111,26,0,0,10,2,17,4,433
2024-25,Elementary,school,Hayhurst,291,78,20,5,57,15,0,0,1,0,4,1,373
2024-25,Elementary,school,Irvington,202,69,25,9,38,13,0,0,1,0,26,9,292
2024-25,Elementary,school,James John,293,73,49,12,40,10,0,0,2,0,20,5,404
2024-25,Elementary,school,Kelly,207,63,38,12,71,22,0,0,0,0,10,3,326
2024-25,Elementary,school,Laurelhurst,610,85,14,2,71,10,0,0,12,2,12,2,719
2024-25,Elementary,school,Lee,212,68,19,6,64,21,0,0,1,0,15,5,311
2024-25,Elementary,school,Lent,71,29,116,47,42,17,0,0,0,0,16,7,245
2024-25,Elementary,school,Lewis,190,79,9,4,36,15,0,0,2,1,4,2,241
2024-25,Elementary,school,Llewellyn,336,87,8,2,37,10,0,0,0,0,7,2,388
2024-25,Elementary,school,Maplewood,268,81,16,5,37,11,0,0,0,0,11,3,332
2024-25,Elementary,school,Markham,326,72,59,13,44,10,0,0,2,0,21,5,452
2024-25,Elementary,school,Marysville,187,66,28,10,60,21,0,0,1,0,9,3,285
2024-25,Elementary,school,MLK Jr,116,67,25,15,9,5,0,0,1,1,21,12,172
2024-25,Elementary,school,Peninsula,190,64,44,15,39,13,0,0,1,0,23,8,297
2024-25,Elementary,school,Rieke,254,81,9,3,40,13,0,0,0,0,9,3,312
2024-25,Elementary,school,Rigler,254,53,145,30,49,10,0,0,6,1,22,5,476
2024-25,Elementary,school,Rosa Parks,141,54,41,16,50,19,0,0,2,1,25,10,259
2024-25,Elementary,school,Rose City Park,286,78,22,6,49,13,0,0,2,1,10,3,369
2024-25,Elementary,school,Sabin,234,69,28,8,49,14,0,0,0,0,30,9,341
2024-25,Elementary,school,Scott,340,74,25,5,70,15,0,0,0,0,25,5,460
2024-25,Elementary,school,Sitton,302,78,42,11,32,8,0,0,0,0,13,3,389
2024-25,Elementary,school,Skyline,210,88,8,3,12,5,0,0,2,1,6,3,238
2024-25,Elementary,school,Stephenson,254,88,10,3,20,7,0,0,0,0,4,1,288
2024-25,Elementary,school,Sunnyside Environmental,220,75,11,4,53,18,0,0,0,0,9,3,293
2024-25,Elementary,school,Vernon,443,68,61,9,116,18,2,0,2,0,31,5,655
2024-25,Elementary,school,Vestal,199,53,46,12,102,27,0,0,1,0,30,8,378
2024-25,Elementary,school,Whitman,166,41,144,36,78,19,0,0,2,0,15,4,405
2024-25,Elementary,school,Woodlawn,259,64,46,11,68,17,0,0,0,0,30,7,403
2024-25,Elementary,school,Woodmere,151,55,58,21,62,22,0,0,2,1,4,1,277
2024-25,Elementary,school,Woodstock,198,69,25,9,52,18,0,0,0,0,14,5,289
2024-25,Elementary,level_total,Elementary Total,14105,71,1767,9,2970,15,3,0,83,0,886,4,19814
2024-25,Middle,school,Beaumont,357,66,92,17,79,15,2,0,1,0,9,2,540
2024-25,Middle,school,George,375,67,51,9,100,18,11,2,2,0,19,3,558
2024-25,Middle,school,Gray,411,82,18,4,67,13,0,0,0,0,7,1,503
2024-25,Middle,school,Harriet Tubman,279,57,60,12,134,27,1,0,1,0,14,3,489
2024-25,Middle,school,Harrison Park,273,45,101,17,210,35,0,0,5,1,12,2,601
2024-25,Middle,school,Hosford,460,61,67,9,195,26,1,0,11,1,24,3,758
2024-25,Middle,school,Jackson,695,85,21,3,85,10,0,0,1,0,12,1,814
2024-25,Middle,school,Kellogg,349,78,20,4,77,17,0,0,0,0,3,1,449
2024-25,Middle,school,Lane,361,58,84,14,168,27,0,0,4,1,5,1,622
2024-25,Middle,school,Mt Tabor,185,68,6,2,76,28,0,0,1,0,3,1,271
2024-25,Middle,school,Ockley Green,363,61,69,12,131,22,1,0,4,1,31,5,599
2024-25,Middle,school,Roseway Heights,361,71,30,6,106,21,1,0,3,1,6,1,507
2024-25,Middle,school,Sellwood,547,86,12,2,70,11,0,0,1,0,7,1,637
2024-25,Middle,school,West Sylvan,582,84,13,2,78,11,0,0,1,0,22,3,696
2024-25,Middle,level_total,Middle Total,5598,70,644,8,1576,20,17,0,35,0,174,2,8044
2024-25,High,school,Cleveland,1304,71,81,4,299,16,96,5,47,3,0,0,1827
2024-25,High,school,Franklin,1656,72,118,5,328,14,151,7,33,1,0,0,2286
2024-25,High,school,Grant,1083,90,23,2,52,4,22,2,17,1,0,0,1197
2024-25,High,school,Ida B. Wells-Barnett,1593,87,53,3,120,7,51,3,16,1,0,0,1833
2024-25,High,school,Jefferson / Grant,114,11,721,71,110,11,57,6,14,1,0,0,1016
2024-25,High,school,Jefferson / McDaniel,63,17,215,57,72,19,22,6,4,1,0,0,376
2024-25,High,school,Jefferson / Roosevelt,204,21,443,45,259,26,71,7,15,2,0,0,992
2024-25,High,cluster_subtotal,Jefferson Total,381,16,1379,58,441,18,150,6,33,1,0,0,2384
2024-25,High,school,Lincoln,1373,92,31,2,36,2,41,3,7,0,0,0,1488
2024-25,High,school,McDaniel,1284,76,77,5,203,12,101,6,18,1,0,0,1683
2024-25,High,school,Roosevelt,940,77,46,4,94,8,115,9,25,2,0,0,1220
2024-25,High,level_total,High Total,9614,69,1808,13,1573,11,727,5,196,1,0,0,13918
2024-25,Out of District/Undetermined,residual,Out of District,0,0,689,43,570,36,44,3,41,3,246,15,1590
2024-25,Out of District/Undetermined,level_total,Out of District/Undetermined Total,0,0,693,43,571,36,47,3,42,3,246,15,1599
2024-25,Grand Total,grand_total,Grand Total,29317,68,4912,11,6690,15,794,2,356,1,1306,3,43375
2025-26,Elementary,school,Abernethy,249,68,7,2,92,25,0,0,1,0,16,4,365
2025-26,Elementary,school,Ainsworth,393,90,12,3,14,3,0,0,1,0,15,3,435
2025-26,Elementary,school,Alameda,469,91,13,3,18,3,0,0,1,0,14,3,515
2025-26,Elementary,school,Arleta,186,58,30,9,92,29,0,0,3,1,11,3,322
2025-26,Elementary,school,Astor,333,76,36,8,54,12,0,0,2,0,12,3,437
2025-26,Elementary,school,Atkinson,216,61,16,5,108,31,0,0,0,0,12,3,352
2025-26,Elementary,school,Beach,193,66,38,13,34,12,0,0,2,1,26,9,293
2025-26,Elementary,school,Beverly Cleary,428,84,20,4,51,10,0,0,2,0,10,2,511
2025-26,Elementary,school,Boise-Eliot/Humboldt,218,60,38,10,47,13,0,0,0,0,60,17,363
2025-26,Elementary,school,Bridger Creative Science,143,57,20,8,75,30,0,0,2,1,9,4,249
2025-26,Elementary,school,Bridlemile,385,83,8,2,61,13,0,0,0,0,10,2,464
2025-26,Elementary,school,Buckman,133,72,16,9,17,9,0,0,1,1,17,9,184
2025-26,Elementary,school,Capitol Hill,303,79,18,5,30,8,0,0,0,0,32,8,383
2025-26,Elementary,school,César Chávez,214,74,49,17,21,7,0,0,1,0,6,2,291
2025-26,Elementary,school,Chapman,322,70,38,8,64,14,0,0,2,0,32,7,458
2025-26,Elementary,school,Chief Joseph,222,64,33,10,65,19,0,0,3,1,24,7,347
2025-26,Elementary,school,Clark,318,66,27,6,110,23,0,0,0,0,28,6,483
2025-26,Elementary,school,Creston,162,58,14,5,93,33,0,0,1,0,9,3,279
2025-26,Elementary,school,Duniway,348,84,19,5,34,8,0,0,1,0,11,3,413
2025-26,Elementary,school,Faubion,521,74,82,12,72,10,0,0,5,1,25,4,705
2025-26,Elementary,school,Forest Park,263,88,9,3,25,8,0,0,0,0,3,1,300
2025-26,Elementary,school,Glencoe,295,66,15,3,112,25,0,0,3,1,24,5,449
2025-26,Elementary,school,Grout,298,63,39,8,106,22,0,0,8,2,21,4,472
2025-26,Elementary,school,Hayhurst,262,74,24,7,60,17,0,0,2,1,6,2,354
2025-26,Elementary,school,Irvington,212,72,22,8,35,12,0,0,1,0,23,8,293
2025-26,Elementary,school,James John,295,75,43,11,45,11,0,0,0,0,11,3,394
2025-26,Elementary,school,Kelly,226,66,35,10,71,21,0,0,0,0,13,4,345
2025-26,Elementary,school,Laurelhurst,572,84,17,2,72,11,0,0,11,2,13,2,685
2025-26,Elementary,school,Lee,208,69,17,6,58,19,0,0,2,1,16,5,301
2025-26,Elementary,school,Lent,80,31,117,46,37,15,0,0,1,0,19,7,254
2025-26,Elementary,school,Lewis,180,79,10,4,34,15,0,0,1,0,4,2,229
2025-26,Elementary,school,Llewellyn,303,86,5,1,37,10,0,0,1,0,7,2,353
2025-26,Elementary,school,Maplewood,256,82,14,4,34,11,0,0,0,0,8,3,312
2025-26,Elementary,school,Markham,322,71,62,14,44,10,0,0,1,0,26,6,455
2025-26,Elementary,school,Marysville,167,65,22,9,56,22,0,0,3,1,9,4,257
2025-26,Elementary,school,MLK Jr,115,73,19,12,9,6,0,0,0,0,15,9,158
2025-26,Elementary,school,Peninsula,195,68,36,13,39,14,0,0,2,1,16,6,288
2025-26,Elementary,school,Rieke,243,81,11,4,39,13,0,0,1,0,6,2,300
2025-26,Elementary,school,Rigler,215,49,152,35,52,12,0,0,2,0,17,4,438
2025-26,Elementary,school,Rosa Parks,129,48,56,21,60,23,0,0,1,0,20,8,266
2025-26,Elementary,school,Rose City Park,256,72,36,10,52,15,0,0,1,0,10,3,355
2025-26,Elementary,school,Sabin,215,68,26,8,50,16,0,0,0,0,27,8,318
2025-26,Elementary,school,Scott,318,72,24,5,71,16,0,0,0,0,27,6,440
2025-26,Elementary,school,Sitton,298,77,44,11,34,9,0,0,0,0,12,3,388
2025-26,Elementary,school,Skyline,194,89,7,3,9,4,0,0,1,0,8,4,219
2025-26,Elementary,school,Stephenson,250,89,10,4,13,5,0,0,0,0,9,3,282
2025-26,Elementary,school,Sunnyside Environmental,219,77,7,2,50,18,0,0,1,0,7,2,284
2025-26,Elementary,school,Vernon,433,70,64,10,91,15,3,0,1,0,30,5,622
2025-26,Elementary,school,Vestal,241,59,50,12,89,22,0,0,2,0,29,7,411
2025-26,Elementary,school,Whitman,183,44,123,30,88,21,0,0,0,0,19,5,413
2025-26,Elementary,school,Woodlawn,270,66,47,11,62,15,0,0,1,0,29,7,409
2025-26,Elementary,school,Woodmere,141,51,55,20,73,27,0,0,0,0,5,2,274
2025-26,Elementary,school,Woodstock,167,70,20,8,41,17,0,0,0,0,9,4,237
2025-26,Elementary,level_total,Elementary Total,13777,71,1772,9,2900,15,3,0,75,0,877,5,19404
2025-26,Middle,school,Beaumont,345,66,97,19,67,13,2,0,0,0,9,2,520
2025-26,Middle,school,George,333,68,38,8,94,19,5,1,1,0,17,3,488
2025-26,Middle,school,Gray,408,81,19,4,70,14,0,0,0,0,7,1,504
2025-26,Middle,school,Harriet Tubman,348,65,46,9,117,22,0,0,4,1,22,4,537
2025-26,Middle,school,Harrison Park,309,54,53,9,195,34,0,0,3,1,8,1,568
2025-26,Middle,school,Hosford,487,65,30,4,193,26,1,0,14,2,20,3,745
2025-26,Middle,school,Jackson,678,86,16,2,76,10,0,0,1,0,20,3,791
2025-26,Middle,school,Kellogg,345,74,24,5,89,19,0,0,1,0,6,1,465
2025-26,Middle,school,Lane,392,63,40,6,187,30,0,0,3,0,2,0,624
2025-26,Middle,school,Mt Tabor,196,75,4,2,60,23,0,0,1,0,1,0,262
2025-26,Middle,school,Ockley Green,426,65,62,9,145,22,3,0,2,0,21,3,659
2025-26,Middle,school,Roseway Heights,401,74,24,4,110,20,0,0,2,0,8,1,545
2025-26,Middle,school,Sellwood,534,86,15,2,70,11,0,0,1,0,3,0,623
2025-26,Middle,school,West Sylvan,613,85,20,3,66,9,0,0,1,0,22,3,722
2025-26,Middle,level_total,Middle Total,5815,72,488,6,1539,19,11,0,34,0,166,2,8053
2025-26,High,school,Cleveland,1334,71,90,5,333,18,70,4,49,3,0,0,1876
2025-26,High,school,Franklin,1638,73,118,5,301,13,147,7,40,2,0,0,2244
2025-26,High,school,Grant,1067,90,25,2,63,5,24,2,11,1,0,0,1190
2025-26,High,school,Ida B. Wells-Barnett,1539,85,53,3,134,7,75,4,9,0,0,0,1810
2025-26,High,school,Jefferson / Grant,113,11,691,70,122,12,52,5,13,1,0,0,991
2025-26,High,school,Jefferson / McDaniel,52,13,233,60,78,20,24,6,1,0,0,0,388
2025-26,High,school,Jefferson / Roosevelt,166,17,449,46,279,29,65,7,15,2,0,0,974
2025-26,High,cluster_subtotal,Jefferson Total,331,14,1373,58,479,20,141,6,29,1,0,0,2353
2025-26,High,school,Lincoln,1418,92,20,1,45,3,53,3,6,0,0,0,1542
2025-26,High,school,McDaniel,1207,74,69,4,239,15,100,6,17,1,0,0,1632
2025-26,High,school,Roosevelt,910,77,53,4,110,9,85,7,20,2,0,0,1178
2025-26,High,level_total,High Total,9444,68,1801,13,1704,12,695,5,181,1,0,0,13825
2025-26,Out of District/Undetermined,level_total,Out of District/Undetermined Total,0,0,456,34,541,40,31,2,52,4,260,19,1340
2025-26,Grand Total,grand_total,Grand Total,29036,68,4517,11,6684,16,740,2,342,1,1303,3,42622
