scenario,kind,language,program,band,from_school,from_key,from_closes,to_school,to_key,from_lon,from_lat,to_lon,to_lat,detail,source
a,program,Spanish,Spanish immersion,K-5,Scott,scott,false,Rigler,rigler,-122.594008,45.555123,-122.607589,45.556047,,"PPS board memo, Rightsizing Update: Scenario Release (Oct 5, 2026)"
a,program,Spanish,Spanish immersion (middle grades),6-8,Beaumont,beaumont,false,Roseway Heights,rosewayheights,-122.620928,45.548721,-122.587481,45.544152,,"PPS board memo, Rightsizing Update: Scenario Release (Oct 5, 2026)"
a,program,Mandarin,Chinese (Mandarin) immersion,K-5,Clark,clark,false,Woodstock,woodstock,-122.56975,45.513681,-122.611819,45.48209,,"PPS board memo, Rightsizing Update: Scenario Release (Oct 5, 2026)"
a,program,Spanish,Spanish immersion,K-5,Atkinson,atkinson,false,Lent,lent,-122.604573,45.505022,-122.564178,45.485332,,"PPS board memo, Rightsizing Update: Scenario Release (Oct 5, 2026)"
a,program,Spanish,Spanish immersion,K-5,Beach,beach,true,César Chávez,cesarchavez,-122.685219,45.558084,-122.719196,45.584465,,"PPS board memo, Rightsizing Update: Scenario Release (Oct 5, 2026)"
a,program,Spanish,Spanish immersion,K-5,James John,jamesjohn,true,César Chávez,cesarchavez,-122.751687,45.59038,-122.719196,45.584465,,"PPS board memo, Rightsizing Update: Scenario Release (Oct 5, 2026)"
a,program,Spanish,Spanish immersion,K-5,Sitton,sitton,false,César Chávez,cesarchavez,-122.758136,45.59994,-122.719196,45.584465,,"PPS board memo, Rightsizing Update: Scenario Release (Oct 5, 2026)"
a,program,Spanish,Spanish immersion (middle grades),6-8,Ockley Green,ockleygreen,false,George,george,-122.680411,45.567027,-122.736155,45.596054,,"PPS board memo, Rightsizing Update: Scenario Release (Oct 5, 2026)"
a,program,Mandarin,Chinese (Mandarin) immersion,K-5,MLK Jr.,mlkjr,false,Boise-Eliot/Humboldt,boiseeliothumboldt,-122.658957,45.558179,-122.672724,45.547763,,"PPS board memo, Rightsizing Update: Scenario Release (Oct 5, 2026)"
a,program,Vietnamese,Vietnamese immersion,K-5,Rose City Park,rosecitypark,true,Vestal,vestal,-122.603949,45.53934,-122.579491,45.524546,,"PPS board memo, Rightsizing Update: Scenario Release (Oct 5, 2026)"
a,grades,Spanish,Spanish immersion (grades 6-8 move),6-8,César Chávez,cesarchavez,false,George,george,-122.719197,45.584465,-122.736155,45.596054,César Chávez becomes K-5; its grades 6-8 move to George.,"PPS board memo, Rightsizing Update: Scenario Release (Oct 5, 2026)"
b,program,Spanish,Spanish immersion,K-5,Scott,scott,false,Rigler,rigler,-122.594008,45.555123,-122.607589,45.556047,,"PPS board memo, Rightsizing Update: Scenario Release (Oct 5, 2026)"
b,program,Spanish,Spanish immersion (middle grades),6-8,Beaumont,beaumont,false,Roseway Heights,rosewayheights,-122.620928,45.548721,-122.587481,45.544152,,"PPS board memo, Rightsizing Update: Scenario Release (Oct 5, 2026)"
b,program,Mandarin,Chinese (Mandarin) immersion,K-5,Clark,clark,false,Woodstock,woodstock,-122.56975,45.513681,-122.611819,45.48209,,"PPS board memo, Rightsizing Update: Scenario Release (Oct 5, 2026)"
b,program,Spanish,Spanish immersion,K-5,Atkinson,atkinson,false,Lent,lent,-122.604573,45.505022,-122.564178,45.485332,,"PPS board memo, Rightsizing Update: Scenario Release (Oct 5, 2026)"
b,program,Spanish,Spanish immersion,K-5,Beach,beach,true,César Chávez,cesarchavez,-122.685219,45.558084,-122.719196,45.584465,,"PPS board memo, Rightsizing Update: Scenario Release (Oct 5, 2026)"
b,program,Spanish,Spanish immersion,K-5,James John,jamesjohn,true,César Chávez,cesarchavez,-122.751687,45.59038,-122.719196,45.584465,,"PPS board memo, Rightsizing Update: Scenario Release (Oct 5, 2026)"
b,program,Spanish,Spanish immersion,K-5,Sitton,sitton,false,César Chávez,cesarchavez,-122.758136,45.59994,-122.719196,45.584465,,"PPS board memo, Rightsizing Update: Scenario Release (Oct 5, 2026)"
b,program,Spanish,Spanish immersion (middle grades),6-8,Ockley Green,ockleygreen,false,George,george,-122.680411,45.567027,-122.736155,45.596054,,"PPS board memo, Rightsizing Update: Scenario Release (Oct 5, 2026)"
b,program,Mandarin,Chinese (Mandarin) immersion,K-5,MLK Jr.,mlkjr,false,Boise-Eliot/Humboldt,boiseeliothumboldt,-122.658957,45.558179,-122.672724,45.547763,,"PPS board memo, Rightsizing Update: Scenario Release (Oct 5, 2026)"
b,grades,Spanish,Spanish immersion (grades 6-8 move),6-8,César Chávez,cesarchavez,false,George,george,-122.719197,45.584465,-122.736155,45.596054,César Chávez becomes K-5; its grades 6-8 move to George.,"PPS board memo, Rightsizing Update: Scenario Release (Oct 5, 2026)"
