year,school,enrollment,ml_or_immersion,neither,immersion_total,imm_spanish,imm_mandarin,imm_japanese,imm_russian,imm_vietnamese,ml_total,ml_spanish,ml_chinese,ml_japanese,ml_russian,ml_vietnamese,ml_somali,ml_other,ml_and_immersion,pct_immersion_ml
2021-22,Ainsworth,553,288,265,272,272,0,0,0,0,51,20,,,,,,30,35,13
2021-22,Atkinson,342,143,199,136,136,0,0,0,0,38,27,0,0,0,0,0,11,31,23
2021-22,Beach,351,232,119,224,224,0,0,0,0,44,32,,,,,,11,36,16
2021-22,Beaumont,467,130,337,123,123,0,0,0,0,64,58,0,0,0,0,0,6,57,46
2021-22,Bridger,337,220,117,211,211,0,0,0,0,57,38,0,0,0,0,0,19,48,23
2021-22,César Chávez,485,343,142,309,309,0,0,0,0,189,,,,,,,,155,50
2021-22,Cleveland,1623,154,1469,130,0,130,0,0,0,27,,,,,,,21,3,2
2021-22,Franklin,2014,278,1736,179,139,0,0,40,0,123,,,,,,,,24,13
2021-22,George,385,120,265,70,70,0,0,0,0,85,,,,,,,,35,50
2021-22,Grant,2126,283,1843,277,0,0,277,0,0,6,,,,,,,,0,0
2021-22,Harriet Tubman,388,58,330,35,0,35,0,0,0,25,,,,,,,,2,6
2021-22,Harrison Park,529,211,318,72,0,72,0,0,0,173,17,0,0,0,23,45,88,34,47
2021-22,Hosford,629,146,483,116,0,116,0,0,0,35,,,,,,,,5,4
2021-22,James John,332,152,180,124,124,0,0,0,0,80,64,0,0,0,0,0,16,52,42
2021-22,Kellogg,684,203,481,151,151,0,0,0,0,83,,,,,,,,31,21
2021-22,Kelly,372,200,172,134,0,0,0,134,0,171,22,0,0,87,15,4,43,105,78
2021-22,Lane,363,98,265,41,0,0,0,41,0,73,26,0,0,13,10,3,21,16,39
2021-22,Lent,277,167,110,126,126,0,0,0,0,109,70,0,0,7,7,0,25,68,54
2021-22,Lincoln,1462,202,1260,178,178,0,0,0,0,27,,,,,,,,3,2
2021-22,McDaniel,1369,298,1071,130,130,0,0,0,0,197,,,,,,,,29,22
2021-22,MLK Jr,315,197,118,169,0,169,0,0,0,43,25,0,0,0,0,0,18,15,9
2021-22,Mt Tabor,645,327,318,318,69,0,249,0,0,28,17,,,,,,,19,6
2021-22,Ockley Green,485,128,357,104,104,0,0,0,0,37,,,,,,,,13,13
2021-22,Richmond,551,551,0,551,0,0,551,0,0,50,0,0,27,0,0,0,23,50,9
2021-22,Rigler,237,237,0,237,237,0,0,0,0,110,101,0,0,0,0,0,9,110,46
2021-22,Roosevelt,1376,392,984,200,200,0,0,0,0,248,,,,,,,,56,28
2021-22,Rose City Park,464,188,276,179,0,0,0,0,179,91,,,,,68,,21,82,46
2021-22,Roseway Heights,589,145,444,106,80,0,0,0,26,78,42,0,0,0,15,6,15,39,37
2021-22,Scott,429,258,171,214,214,0,0,0,0,132,,,,,,,,88,41
2021-22,Sitton,307,153,154,117,117,0,0,0,0,95,73,0,0,0,0,0,22,59,50
2021-22,West Sylvan,727,138,589,128,128,0,0,0,0,15,,,,,,,,5,4
2021-22,Woodstock,479,263,216,255,0,255,0,0,0,78,,,,,,,75,70,27
2022-23,Ainsworth,563,290,273,276,276,0,0,0,0,51,,3,,,,,,37,13
2022-23,Atkinson,337,145,192,141,141,0,0,0,0,41,27,,,,,,13,37,26
2022-23,Beach,346,207,139,201,201,0,0,0,0,29,21,,,,,,7,23,11
2022-23,Beaumont,448,141,307,131,131,0,0,0,0,65,58,0,0,0,0,0,7,55,42
2022-23,Bridger,329,201,128,190,190,0,0,0,0,49,,,,,,,,38,20
2022-23,César Chávez,467,326,141,298,298,0,0,0,0,188,,,,,,,,160,54
2022-23,Cleveland,1547,158,1389,132,0,132,0,0,0,30,,,,,,,20,4,3
2022-23,Franklin,1968,300,1668,180,140,0,0,40,0,150,,,,,,,,30,17
2022-23,George,387,165,222,119,119,0,0,0,0,102,,,,,,,,56,47
2022-23,Grant,2159,297,1862,286,0,0,286,0,0,14,,,,,,,,3,1
2022-23,Harriet Tubman,361,49,312,29,0,29,0,0,0,21,9,,,,,,11,1,3
2022-23,Harrison Park,575,249,326,101,0,101,0,0,0,203,,,,,,,,55,54
2022-23,Hosford,566,121,445,96,0,96,0,0,0,28,,,,,,,17,3,3
2022-23,James John,337,158,179,129,129,0,0,0,0,90,71,0,0,0,0,0,19,61,47
2022-23,Jefferson,607,65,542,12,0,12,0,0,0,54,,,,,,,,1,8
2022-23,Kellogg,661,224,437,159,159,0,0,0,0,105,,,,,,,,40,25
2022-23,Kelly,356,208,148,143,0,0,0,143,0,165,22,,0,79,13,,45,100,70
2022-23,Lane,336,86,250,34,0,0,0,34,0,67,28,5,0,11,8,0,15,15,44
2022-23,Lent,284,150,134,129,129,0,0,0,0,85,60,,,,,,18,64,50
2022-23,Lincoln,1528,208,1320,186,186,0,0,0,0,25,,,,,,,,3,2
2022-23,McDaniel,1443,351,1092,161,161,0,0,0,0,237,,,,,,,,47,29
2022-23,MLK Jr,334,205,129,186,0,186,0,0,0,42,24,3,0,0,0,0,15,23,12
2022-23,Mt Tabor,607,310,297,305,65,0,240,0,0,24,13,,5,,,,5,19,6
2022-23,Ockley Green,483,124,359,99,99,0,0,0,0,35,,,,,,,,10,10
2022-23,Richmond,539,539,0,539,0,0,539,0,0,56,0,0,26,0,0,0,30,56,10
2022-23,Rigler,223,223,0,223,223,0,0,0,0,95,80,0,0,0,0,0,15,95,43
2022-23,Roosevelt,1488,428,1060,226,226,0,0,0,0,263,,,,,,,,61,27
2022-23,Rose City Park,468,200,268,183,0,0,0,0,183,90,,,,,,,,73,40
2022-23,Roseway Heights,583,157,426,112,74,0,0,0,38,85,37,0,0,0,16,7,25,40,36
2022-23,Scott,453,265,188,217,217,0,0,0,0,134,,,,,,,,86,40
2022-23,Sitton,346,160,186,120,120,0,0,0,0,104,74,,,,,,29,64,53
2022-23,West Sylvan,759,145,614,133,133,0,0,0,0,18,,,,,,,,6,5
2022-23,Woodstock,491,260,231,249,0,249,0,0,0,79,3,55,,,,,20,68,27
2023-24,Ainsworth,585,304,281,291,291,0,0,0,0,48,26,,,,,,19,35,12
2023-24,Atkinson,366,169,197,163,163,0,0,0,0,59,45,,,,,,13,53,33
2023-24,Beach,326,194,132,191,191,0,0,0,0,33,27,0,0,0,0,0,6,30,16
2023-24,Beaumont,434,119,315,114,114,0,0,0,0,56,51,0,0,0,0,0,5,51,45
2023-24,César Chávez,483,349,134,326,326,0,0,0,0,179,146,,,,,,32,156,48
2023-24,Cleveland,1476,181,1295,146,0,146,0,0,0,37,,,,,,,25,2,1
2023-24,Franklin,1814,306,1508,189,148,0,0,41,0,152,57,,,,,,39,35,19
2023-24,George,370,150,220,115,115,0,0,0,0,97,71,,,,,3,22,62,54
2023-24,Grant,2180,310,1870,287,0,0,287,0,0,25,11,,,,,,,2,1
2023-24,Harriet Tubman,321,48,273,32,0,32,0,0,0,17,7,,,,,,9,1,3
2023-24,Harrison Park,321,128,193,80,0,80,0,0,0,60,10,13,0,0,4,5,28,12,15
2023-24,James John,348,157,191,128,128,0,0,0,0,91,77,0,0,0,0,0,14,62,48
2023-24,Jefferson,526,56,470,10,0,10,0,0,0,47,32,,,,,,14,1,10
2023-24,Kellogg,683,292,391,228,228,0,0,0,0,116,61,,,,15,,35,52,23
2023-24,Kelly,378,226,152,144,0,0,0,144,0,184,24,,0,86,20,,45,102,71
2023-24,Lane,392,84,308,29,0,0,0,29,0,67,26,,0,10,7,,17,12,41
2023-24,Lent,308,308,0,308,308,0,0,0,0,98,85,0,0,0,0,0,13,98,32
2023-24,Lincoln,1582,226,1356,192,192,0,0,0,0,38,,,,,,,,4,2
2023-24,McDaniel,1657,408,1249,205,205,0,0,0,0,268,156,,,,,,61,65,32
2023-24,MLK Jr,344,181,163,156,0,156,0,0,0,41,24,3,0,0,0,0,14,16,10
2023-24,Mt Tabor,503,247,256,244,0,0,244,0,0,9,,,,,,,,6,2
2023-24,Ockley Green,428,100,328,78,78,0,0,0,0,29,11,,,,,,16,7,9
2023-24,Richmond,537,537,0,537,0,0,537,0,0,43,,,30,,,,11,43,8
2023-24,Rigler,256,256,0,256,256,0,0,0,0,102,90,0,0,0,0,0,12,102,40
2023-24,Roosevelt,1460,458,1002,256,256,0,0,0,0,279,198,,,,,,77,77,30
2023-24,Rose City Park,464,227,237,216,0,0,0,0,216,98,5,0,0,0,66,0,27,87,40
2023-24,Roseway Heights,553,167,386,119,83,0,0,0,36,99,51,,,,13,6,28,51,43
2023-24,Scott,500,288,212,235,235,0,0,0,0,141,74,,,,,8,57,88,37
2023-24,Sitton,337,163,174,128,128,0,0,0,0,103,71,,,,,,31,68,53
2023-24,West Sylvan,722,146,576,131,131,0,0,0,0,20,,,,,,,,5,4
2023-24,Woodstock,455,248,207,237,0,237,0,0,0,71,5,52,,,,,13,60,25
2024-25,Ainsworth,584,312,272,295,295,0,0,0,0,64,22,3,,,,,35,47,16
2024-25,Atkinson,373,191,182,185,185,0,0,0,0,82,62,,,,,,19,76,41
2024-25,Beach,295,183,112,174,174,0,0,0,0,34,21,0,0,0,0,0,13,25,14
2024-25,Beaumont,435,122,313,116,116,0,0,0,0,56,49,0,0,0,0,0,7,50,43
2024-25,César Chávez,454,331,123,309,309,0,0,0,0,173,139,,,,,,33,151,49
2024-25,Clark,331,159,172,72,0,72,0,0,0,125,7,38,0,2,,,59,38,53
2024-25,Cleveland,1422,168,1254,131,0,131,0,0,0,40,11,,,,,,23,3,2
2024-25,Franklin,1809,341,1468,197,161,0,0,36,0,184,76,,,,32,,46,40,20
2024-25,George,404,159,245,113,113,0,0,0,0,101,71,,,,,,27,55,49
2024-25,Grant,2149,304,1845,274,0,0,274,0,0,33,,,,,,,,3,1
2024-25,Harriet Tubman,328,62,266,43,0,43,0,0,0,19,11,0,0,0,0,0,8,0,0
2024-25,Harrison Park,372,146,226,94,0,94,0,0,0,65,11,15,,,3,6,29,13,14
2024-25,James John,367,181,186,143,143,0,0,0,0,112,91,0,0,2,0,0,19,74,52
2024-25,Jefferson,459,59,400,13,0,13,0,0,0,47,30,,,,,,16,1,8
2024-25,Kellogg,594,263,331,221,221,0,0,0,0,100,65,3,0,0,10,0,22,58,26
2024-25,Kelly,385,222,163,139,0,0,0,139,0,185,31,,0,82,17,,50,102,73
2024-25,Lane,418,103,315,32,0,0,0,32,0,86,,6,,16,10,,,15,47
2024-25,Lent,256,256,0,256,256,0,0,0,0,113,96,0,0,0,0,0,17,113,44
2024-25,Lincoln,1615,233,1382,185,185,0,0,0,0,51,11,,,,,,32,3,2
2024-25,McDaniel,1686,467,1219,214,214,0,0,0,0,327,198,,,,29,,70,74,35
2024-25,MLK Jr,312,205,107,179,0,179,0,0,0,38,22,0,0,0,0,0,16,12,7
2024-25,Mt Tabor,467,242,225,238,0,0,238,0,0,8,,,,,,,,4,2
2024-25,Ockley Green,410,92,318,69,69,0,0,0,0,31,17,,,,,,12,8,12
2024-25,Richmond,530,530,0,530,0,0,530,0,0,45,,,19,,,,25,45,8
2024-25,Rigler,301,301,0,301,301,0,0,0,0,147,138,0,0,0,0,0,9,147,49
2024-25,Roosevelt,1452,453,999,295,295,0,0,0,0,261,197,,,,,,60,103,35
2024-25,Rose City Park,446,218,228,209,0,0,0,0,209,95,,,,,62,,31,86,41
2024-25,Roseway Heights,565,188,377,144,94,0,0,0,50,102,60,,,,14,5,22,58,40
2024-25,Scott,494,280,214,242,242,0,0,0,0,126,87,,,,,6,31,88,36
2024-25,Sitton,339,166,173,133,133,0,0,0,0,112,87,,,,,,23,79,59
2024-25,West Sylvan,670,139,531,117,117,0,0,0,0,29,5,5,,,,,16,7,6
2024-25,Woodstock,394,213,181,206,0,206,0,0,0,51,,37,,,,,11,44,21
2025-26,Ainsworth,560,308,252,287,287,0,0,0,0,59,17,,,,,,37,38,13
2025-26,Atkinson,366,184,182,178,178,0,0,0,0,78,59,,,,,,18,72,40
2025-26,Beach,288,164,124,155,155,0,0,0,0,36,23,0,0,0,0,0,13,27,17
2025-26,Beaumont,416,108,308,101,101,0,0,0,0,48,38,,,,,,9,41,41
2025-26,César Chávez,443,322,121,300,300,0,0,0,0,158,124,,,,,,33,136,45
2025-26,Clark,364,194,170,91,0,91,0,0,0,155,15,50,0,2,7,10,71,52,57
2025-26,Cleveland,1451,155,1296,115,0,115,0,0,0,44,,,,,,,31,4,3
2025-26,Franklin,1780,338,1442,202,173,0,0,29,0,183,73,,,,,,59,47,23
2025-26,George,358,151,207,109,109,0,0,0,0,109,79,,,,,,28,67,61
2025-26,Grant,2074,294,1780,265,0,0,265,0,0,31,,,,,,,,2,1
2025-26,Harriet Tubman,402,66,336,48,0,48,0,0,0,19,,,,,,,,1,2
2025-26,Harrison Park,419,170,249,111,0,111,0,0,0,76,13,18,0,0,,,29,17,15
2025-26,James John,365,170,195,133,133,0,0,0,0,97,71,0,0,2,0,0,24,60,45
2025-26,Jefferson,391,44,347,14,0,14,0,0,0,31,,0,0,0,0,0,,1,7
2025-26,Kellogg,531,245,286,201,201,0,0,0,0,90,50,8,,,8,,23,46,23
2025-26,Kelly,411,230,181,143,0,0,0,143,0,191,34,,,84,18,,54,104,73
2025-26,Lane,447,104,343,36,0,0,0,36,0,83,27,3,,14,7,,30,15,42
2025-26,Lent,256,256,0,256,256,0,0,0,0,106,87,0,0,0,0,0,19,106,41
2025-26,Lincoln,1647,220,1427,178,178,0,0,0,0,44,,,,,,,32,2,1
2025-26,McDaniel,1629,491,1138,239,205,0,0,0,34,326,178,18,,,26,,91,74,31
2025-26,MLK Jr,319,216,103,193,0,193,0,0,0,34,20,,,,,,13,11,6
2025-26,Mt Tabor,430,229,201,222,0,0,222,0,0,10,,,,,,,6,3,1
2025-26,Ockley Green,460,88,372,63,63,0,0,0,0,35,17,,,,,,16,10,16
2025-26,Richmond,512,512,0,512,0,0,512,0,0,36,,,14,,,,21,36,7
2025-26,Rigler,289,289,0,289,289,0,0,0,0,144,131,0,0,0,0,0,13,144,50
2025-26,Roosevelt,1419,449,970,299,299,0,0,0,0,255,206,0,0,0,0,0,49,105,35
2025-26,Rose City Park,417,220,197,207,0,0,0,0,207,90,3,0,0,0,58,0,29,77,37
2025-26,Roseway Heights,572,192,380,157,93,0,0,0,64,95,48,0,0,0,17,5,25,60,38
2025-26,Scott,476,265,211,222,222,0,0,0,0,113,69,,,,,,42,70,32
2025-26,Sitton,345,168,177,138,138,0,0,0,0,108,84,,,,,,22,78,57
2025-26,West Sylvan,683,141,542,116,116,0,0,0,0,36,12,5,,,,,18,11,9
2025-26,Woodstock,367,196,171,190,0,190,0,0,0,44,2,28,,,,,13,38,20
