year,school,program,language,grade,enrollment,section
2024-25,Abernethy,Whole School,,K,38,Elementary
2024-25,Abernethy,Whole School,,1,39,Elementary
2024-25,Abernethy,Whole School,,2,43,Elementary
2024-25,Abernethy,Whole School,,3,45,Elementary
2024-25,Abernethy,Whole School,,4,57,Elementary
2024-25,Abernethy,Whole School,,5,62,Elementary
2024-25,Ainsworth,Spanish Immersion,Spanish,K,47,Elementary
2024-25,Ainsworth,Spanish Immersion,Spanish,1,51,Elementary
2024-25,Ainsworth,Spanish Immersion,Spanish,2,48,Elementary
2024-25,Ainsworth,Spanish Immersion,Spanish,3,50,Elementary
2024-25,Ainsworth,Spanish Immersion,Spanish,4,50,Elementary
2024-25,Ainsworth,Spanish Immersion,Spanish,5,49,Elementary
2024-25,Ainsworth,Neighborhood Program,,K,40,Elementary
2024-25,Ainsworth,Neighborhood Program,,1,56,Elementary
2024-25,Ainsworth,Neighborhood Program,,2,41,Elementary
2024-25,Ainsworth,Neighborhood Program,,3,42,Elementary
2024-25,Ainsworth,Neighborhood Program,,4,52,Elementary
2024-25,Ainsworth,Neighborhood Program,,5,58,Elementary
2024-25,Alameda,Whole School,,K,76,Elementary
2024-25,Alameda,Whole School,,1,77,Elementary
2024-25,Alameda,Whole School,,2,83,Elementary
2024-25,Alameda,Whole School,,3,89,Elementary
2024-25,Alameda,Whole School,,4,90,Elementary
2024-25,Alameda,Whole School,,5,81,Elementary
2024-25,Arleta,Whole School,,K,28,Elementary
2024-25,Arleta,Whole School,,1,43,Elementary
2024-25,Arleta,Whole School,,2,41,Elementary
2024-25,Arleta,Whole School,,3,36,Elementary
2024-25,Arleta,Whole School,,4,49,Elementary
2024-25,Arleta,Whole School,,5,55,Elementary
2024-25,Astor,Whole School,,K,50,Elementary
2024-25,Astor,Whole School,,1,40,Elementary
2024-25,Astor,Whole School,,2,42,Elementary
2024-25,Astor,Whole School,,3,54,Elementary
2024-25,Astor,Whole School,,4,37,Elementary
2024-25,Astor,Whole School,,5,43,Elementary
2024-25,Astor,Whole School,,6,49,Elementary
2024-25,Astor,Whole School,,7,31,Elementary
2024-25,Astor,Whole School,,8,62,Elementary
2024-25,Atkinson,Spanish Immersion,Spanish,K,34,Elementary
2024-25,Atkinson,Spanish Immersion,Spanish,1,27,Elementary
2024-25,Atkinson,Spanish Immersion,Spanish,2,32,Elementary
2024-25,Atkinson,Spanish Immersion,Spanish,3,29,Elementary
2024-25,Atkinson,Spanish Immersion,Spanish,4,31,Elementary
2024-25,Atkinson,Spanish Immersion,Spanish,5,32,Elementary
2024-25,Atkinson,Neighborhood Program,,K,21,Elementary
2024-25,Atkinson,Neighborhood Program,,1,36,Elementary
2024-25,Atkinson,Neighborhood Program,,2,32,Elementary
2024-25,Atkinson,Neighborhood Program,,3,25,Elementary
2024-25,Atkinson,Neighborhood Program,,4,42,Elementary
2024-25,Atkinson,Neighborhood Program,,5,32,Elementary
2024-25,Beach,Spanish Immersion,Spanish,K,17,Elementary
2024-25,Beach,Spanish Immersion,Spanish,1,27,Elementary
2024-25,Beach,Spanish Immersion,Spanish,2,22,Elementary
2024-25,Beach,Spanish Immersion,Spanish,3,39,Elementary
2024-25,Beach,Spanish Immersion,Spanish,4,38,Elementary
2024-25,Beach,Spanish Immersion,Spanish,5,31,Elementary
2024-25,Beach,Neighborhood Program,,K,20,Elementary
2024-25,Beach,Neighborhood Program,,1,20,Elementary
2024-25,Beach,Neighborhood Program,,2,24,Elementary
2024-25,Beach,Neighborhood Program,,3,14,Elementary
2024-25,Beach,Neighborhood Program,,4,12,Elementary
2024-25,Beach,Neighborhood Program,,5,31,Elementary
2024-25,Beverly Cleary,Whole School,,K,47,Elementary
2024-25,Beverly Cleary,Whole School,,1,36,Elementary
2024-25,Beverly Cleary,Whole School,,2,49,Elementary
2024-25,Beverly Cleary,Whole School,,3,55,Elementary
2024-25,Beverly Cleary,Whole School,,4,49,Elementary
2024-25,Beverly Cleary,Whole School,,5,60,Elementary
2024-25,Beverly Cleary,Whole School,,6,83,Elementary
2024-25,Beverly Cleary,Whole School,,7,58,Elementary
2024-25,Beverly Cleary,Whole School,,8,98,Elementary
2024-25,Boise-Eliot/Humboldt,Whole School,,K,54,Elementary
2024-25,Boise-Eliot/Humboldt,Whole School,,1,54,Elementary
2024-25,Boise-Eliot/Humboldt,Whole School,,2,41,Elementary
2024-25,Boise-Eliot/Humboldt,Whole School,,3,57,Elementary
2024-25,Boise-Eliot/Humboldt,Whole School,,4,55,Elementary
2024-25,Boise-Eliot/Humboldt,Whole School,,5,54,Elementary
2024-25,Bridger Creative Science,Whole School,,K,42,Elementary
2024-25,Bridger Creative Science,Whole School,,1,43,Elementary
2024-25,Bridger Creative Science,Whole School,,2,65,Elementary
2024-25,Bridger Creative Science,Whole School,,3,70,Elementary
2024-25,Bridger Creative Science,Whole School,,4,55,Elementary
2024-25,Bridger Creative Science,Whole School,,5,55,Elementary
2024-25,Bridger Creative Science,Whole School,,6,47,Elementary
2024-25,Bridger Creative Science,Whole School,,7,52,Elementary
2024-25,Bridger Creative Science,Whole School,,8,45,Elementary
2024-25,Bridlemile,Whole School,,K,50,Elementary
2024-25,Bridlemile,Whole School,,1,75,Elementary
2024-25,Bridlemile,Whole School,,2,75,Elementary
2024-25,Bridlemile,Whole School,,3,74,Elementary
2024-25,Bridlemile,Whole School,,4,75,Elementary
2024-25,Bridlemile,Whole School,,5,70,Elementary
2024-25,Buckman,Whole School,,K,32,Elementary
2024-25,Buckman,Whole School,,1,44,Elementary
2024-25,Buckman,Whole School,,2,40,Elementary
2024-25,Buckman,Whole School,,3,59,Elementary
2024-25,Buckman,Whole School,,4,72,Elementary
2024-25,Buckman,Whole School,,5,61,Elementary
2024-25,Capitol Hill,Whole School,,K,38,Elementary
2024-25,Capitol Hill,Whole School,,1,47,Elementary
2024-25,Capitol Hill,Whole School,,2,66,Elementary
2024-25,Capitol Hill,Whole School,,3,58,Elementary
2024-25,Capitol Hill,Whole School,,4,52,Elementary
2024-25,Capitol Hill,Whole School,,5,57,Elementary
2024-25,César Chávez,Spanish Immersion,Spanish,K,33,Elementary
2024-25,César Chávez,Spanish Immersion,Spanish,1,42,Elementary
2024-25,César Chávez,Spanish Immersion,Spanish,2,48,Elementary
2024-25,César Chávez,Spanish Immersion,Spanish,3,29,Elementary
2024-25,César Chávez,Spanish Immersion,Spanish,4,23,Elementary
2024-25,César Chávez,Spanish Immersion,Spanish,5,33,Elementary
2024-25,César Chávez,Spanish Immersion,Spanish,6,34,Elementary
2024-25,César Chávez,Spanish Immersion,Spanish,7,41,Elementary
2024-25,César Chávez,Spanish Immersion,Spanish,8,26,Elementary
2024-25,César Chávez,Neighborhood Program,,K,11,Elementary
2024-25,César Chávez,Neighborhood Program,,1,10,Elementary
2024-25,César Chávez,Neighborhood Program,,2,10,Elementary
2024-25,César Chávez,Neighborhood Program,,3,17,Elementary
2024-25,César Chávez,Neighborhood Program,,4,13,Elementary
2024-25,César Chávez,Neighborhood Program,,5,17,Elementary
2024-25,César Chávez,Neighborhood Program,,6,20,Elementary
2024-25,César Chávez,Neighborhood Program,,7,23,Elementary
2024-25,César Chávez,Neighborhood Program,,8,24,Elementary
2024-25,Chapman,Whole School,,K,60,Elementary
2024-25,Chapman,Whole School,,1,56,Elementary
2024-25,Chapman,Whole School,,2,54,Elementary
2024-25,Chapman,Whole School,,3,70,Elementary
2024-25,Chapman,Whole School,,4,51,Elementary
2024-25,Chapman,Whole School,,5,58,Elementary
2024-25,Chief Joseph,Whole School,,K,51,Elementary
2024-25,Chief Joseph,Whole School,,1,48,Elementary
2024-25,Chief Joseph,Whole School,,2,47,Elementary
2024-25,Chief Joseph,Whole School,,3,36,Elementary
2024-25,Chief Joseph,Whole School,,4,40,Elementary
2024-25,Chief Joseph,Whole School,,5,53,Elementary
2024-25,Clark,Mandarin Immersion,Mandarin,K,10,Elementary
2024-25,Clark,Mandarin Immersion,Mandarin,1,14,Elementary
2024-25,Clark,Mandarin Immersion,Mandarin,2,18,Elementary
2024-25,Clark,Mandarin Immersion,Mandarin,3,10,Elementary
2024-25,Clark,Mandarin Immersion,Mandarin,4,10,Elementary
2024-25,Clark,Mandarin Immersion,Mandarin,5,10,Elementary
2024-25,Clark,Neighborhood Program,,K,39,Elementary
2024-25,Clark,Neighborhood Program,,1,32,Elementary
2024-25,Clark,Neighborhood Program,,2,43,Elementary
2024-25,Clark,Neighborhood Program,,3,51,Elementary
2024-25,Clark,Neighborhood Program,,4,47,Elementary
2024-25,Clark,Neighborhood Program,,5,47,Elementary
2024-25,Creston,Whole School,,K,34,Elementary
2024-25,Creston,Whole School,,1,36,Elementary
2024-25,Creston,Whole School,,2,40,Elementary
2024-25,Creston,Whole School,,3,41,Elementary
2024-25,Creston,Whole School,,4,45,Elementary
2024-25,Creston,Whole School,,5,45,Elementary
2024-25,Duniway,Whole School,,K,51,Elementary
2024-25,Duniway,Whole School,,1,61,Elementary
2024-25,Duniway,Whole School,,2,58,Elementary
2024-25,Duniway,Whole School,,3,83,Elementary
2024-25,Duniway,Whole School,,4,60,Elementary
2024-25,Duniway,Whole School,,5,74,Elementary
2024-25,Faubion,Whole School,,K,56,Elementary
2024-25,Faubion,Whole School,,1,68,Elementary
2024-25,Faubion,Whole School,,2,65,Elementary
2024-25,Faubion,Whole School,,3,64,Elementary
2024-25,Faubion,Whole School,,4,55,Elementary
2024-25,Faubion,Whole School,,5,75,Elementary
2024-25,Faubion,Whole School,,6,74,Elementary
2024-25,Faubion,Whole School,,7,72,Elementary
2024-25,Faubion,Whole School,,8,60,Elementary
2024-25,Forest Park,Whole School,,K,45,Elementary
2024-25,Forest Park,Whole School,,1,43,Elementary
2024-25,Forest Park,Whole School,,2,52,Elementary
2024-25,Forest Park,Whole School,,3,42,Elementary
2024-25,Forest Park,Whole School,,4,52,Elementary
2024-25,Forest Park,Whole School,,5,69,Elementary
2024-25,Glencoe,Whole School,,K,43,Elementary
2024-25,Glencoe,Whole School,,1,45,Elementary
2024-25,Glencoe,Whole School,,2,72,Elementary
2024-25,Glencoe,Whole School,,3,68,Elementary
2024-25,Glencoe,Whole School,,4,62,Elementary
2024-25,Glencoe,Whole School,,5,66,Elementary
2024-25,Grout,Whole School,,K,44,Elementary
2024-25,Grout,Whole School,,1,45,Elementary
2024-25,Grout,Whole School,,2,54,Elementary
2024-25,Grout,Whole School,,3,46,Elementary
2024-25,Grout,Whole School,,4,58,Elementary
2024-25,Grout,Whole School,,5,47,Elementary
2024-25,Hayhurst,Whole School,,K,40,Elementary
2024-25,Hayhurst,Whole School,,1,52,Elementary
2024-25,Hayhurst,Whole School,,2,50,Elementary
2024-25,Hayhurst,Whole School,,3,53,Elementary
2024-25,Hayhurst,Whole School,,4,51,Elementary
2024-25,Hayhurst,Whole School,,5,68,Elementary
2024-25,Irvington,Whole School,,K,44,Elementary
2024-25,Irvington,Whole School,,1,43,Elementary
2024-25,Irvington,Whole School,,2,41,Elementary
2024-25,Irvington,Whole School,,3,42,Elementary
2024-25,Irvington,Whole School,,4,40,Elementary
2024-25,Irvington,Whole School,,5,39,Elementary
2024-25,James John,Spanish Immersion,Spanish,K,26,Elementary
2024-25,James John,Spanish Immersion,Spanish,1,23,Elementary
2024-25,James John,Spanish Immersion,Spanish,2,23,Elementary
2024-25,James John,Spanish Immersion,Spanish,3,22,Elementary
2024-25,James John,Spanish Immersion,Spanish,4,25,Elementary
2024-25,James John,Spanish Immersion,Spanish,5,24,Elementary
2024-25,James John,Neighborhood Program,,K,43,Elementary
2024-25,James John,Neighborhood Program,,1,31,Elementary
2024-25,James John,Neighborhood Program,,2,37,Elementary
2024-25,James John,Neighborhood Program,,3,40,Elementary
2024-25,James John,Neighborhood Program,,4,36,Elementary
2024-25,James John,Neighborhood Program,,5,37,Elementary
2024-25,Kelly,Russian Immersion,Russian,K,20,Elementary
2024-25,Kelly,Russian Immersion,Russian,1,17,Elementary
2024-25,Kelly,Russian Immersion,Russian,2,29,Elementary
2024-25,Kelly,Russian Immersion,Russian,3,30,Elementary
2024-25,Kelly,Russian Immersion,Russian,4,21,Elementary
2024-25,Kelly,Russian Immersion,Russian,5,22,Elementary
2024-25,Kelly,Neighborhood Program,,K,51,Elementary
2024-25,Kelly,Neighborhood Program,,1,44,Elementary
2024-25,Kelly,Neighborhood Program,,2,35,Elementary
2024-25,Kelly,Neighborhood Program,,3,43,Elementary
2024-25,Kelly,Neighborhood Program,,4,37,Elementary
2024-25,Kelly,Neighborhood Program,,5,36,Elementary
2024-25,Laurelhurst,Whole School,,K,52,Elementary
2024-25,Laurelhurst,Whole School,,1,59,Elementary
2024-25,Laurelhurst,Whole School,,2,71,Elementary
2024-25,Laurelhurst,Whole School,,3,62,Elementary
2024-25,Laurelhurst,Whole School,,4,84,Elementary
2024-25,Laurelhurst,Whole School,,5,78,Elementary
2024-25,Laurelhurst,Whole School,,6,79,Elementary
2024-25,Laurelhurst,Whole School,,7,89,Elementary
2024-25,Laurelhurst,Whole School,,8,82,Elementary
2024-25,Lee,Whole School,,K,29,Elementary
2024-25,Lee,Whole School,,1,51,Elementary
2024-25,Lee,Whole School,,2,40,Elementary
2024-25,Lee,Whole School,,3,45,Elementary
2024-25,Lee,Whole School,,4,39,Elementary
2024-25,Lee,Whole School,,5,53,Elementary
2024-25,Lent,Whole School,Spanish,K,32,Elementary
2024-25,Lent,Whole School,Spanish,1,42,Elementary
2024-25,Lent,Whole School,Spanish,2,38,Elementary
2024-25,Lent,Whole School,Spanish,3,45,Elementary
2024-25,Lent,Whole School,Spanish,4,55,Elementary
2024-25,Lent,Whole School,Spanish,5,44,Elementary
2024-25,Lewis,Whole School,,K,33,Elementary
2024-25,Lewis,Whole School,,1,31,Elementary
2024-25,Lewis,Whole School,,2,56,Elementary
2024-25,Lewis,Whole School,,3,53,Elementary
2024-25,Lewis,Whole School,,4,50,Elementary
2024-25,Lewis,Whole School,,5,41,Elementary
2024-25,Llewellyn,Whole School,,K,46,Elementary
2024-25,Llewellyn,Whole School,,1,47,Elementary
2024-25,Llewellyn,Whole School,,2,65,Elementary
2024-25,Llewellyn,Whole School,,3,74,Elementary
2024-25,Llewellyn,Whole School,,4,63,Elementary
2024-25,Llewellyn,Whole School,,5,78,Elementary
2024-25,Maplewood,Whole School,,K,36,Elementary
2024-25,Maplewood,Whole School,,1,48,Elementary
2024-25,Maplewood,Whole School,,2,57,Elementary
2024-25,Maplewood,Whole School,,3,51,Elementary
2024-25,Maplewood,Whole School,,4,42,Elementary
2024-25,Maplewood,Whole School,,5,61,Elementary
2024-25,Markham,Whole School,,K,48,Elementary
2024-25,Markham,Whole School,,1,53,Elementary
2024-25,Markham,Whole School,,2,44,Elementary
2024-25,Markham,Whole School,,3,68,Elementary
2024-25,Markham,Whole School,,4,68,Elementary
2024-25,Markham,Whole School,,5,60,Elementary
2024-25,Marysville,Whole School,,K,42,Elementary
2024-25,Marysville,Whole School,,1,42,Elementary
2024-25,Marysville,Whole School,,2,55,Elementary
2024-25,Marysville,Whole School,,3,57,Elementary
2024-25,Marysville,Whole School,,4,61,Elementary
2024-25,Marysville,Whole School,,5,63,Elementary
2024-25,MLK Jr,Mandarin Immersion,Mandarin,K,31,Elementary
2024-25,MLK Jr,Mandarin Immersion,Mandarin,1,34,Elementary
2024-25,MLK Jr,Mandarin Immersion,Mandarin,2,41,Elementary
2024-25,MLK Jr,Mandarin Immersion,Mandarin,3,21,Elementary
2024-25,MLK Jr,Mandarin Immersion,Mandarin,4,30,Elementary
2024-25,MLK Jr,Mandarin Immersion,Mandarin,5,22,Elementary
2024-25,MLK Jr,Neighborhood Program,,K,16,Elementary
2024-25,MLK Jr,Neighborhood Program,,1,25,Elementary
2024-25,MLK Jr,Neighborhood Program,,2,19,Elementary
2024-25,MLK Jr,Neighborhood Program,,3,18,Elementary
2024-25,MLK Jr,Neighborhood Program,,4,27,Elementary
2024-25,MLK Jr,Neighborhood Program,,5,28,Elementary
2024-25,Odyssey,Whole School,,K,18,Elementary
2024-25,Odyssey,Whole School,,1,22,Elementary
2024-25,Odyssey,Whole School,,2,20,Elementary
2024-25,Odyssey,Whole School,,3,24,Elementary
2024-25,Odyssey,Whole School,,4,28,Elementary
2024-25,Odyssey,Whole School,,5,25,Elementary
2024-25,Odyssey,Whole School,,6,27,Elementary
2024-25,Odyssey,Whole School,,7,23,Elementary
2024-25,Odyssey,Whole School,,8,24,Elementary
2024-25,Peninsula,Whole School,,K,39,Elementary
2024-25,Peninsula,Whole School,,1,45,Elementary
2024-25,Peninsula,Whole School,,2,39,Elementary
2024-25,Peninsula,Whole School,,3,41,Elementary
2024-25,Peninsula,Whole School,,4,33,Elementary
2024-25,Peninsula,Whole School,,5,38,Elementary
2024-25,Richmond,Whole School,Japanese,K,101,Elementary
2024-25,Richmond,Whole School,Japanese,1,91,Elementary
2024-25,Richmond,Whole School,Japanese,2,88,Elementary
2024-25,Richmond,Whole School,Japanese,3,87,Elementary
2024-25,Richmond,Whole School,Japanese,4,84,Elementary
2024-25,Richmond,Whole School,Japanese,5,79,Elementary
2024-25,Rieke,Whole School,,K,38,Elementary
2024-25,Rieke,Whole School,,1,49,Elementary
2024-25,Rieke,Whole School,,2,40,Elementary
2024-25,Rieke,Whole School,,3,46,Elementary
2024-25,Rieke,Whole School,,4,55,Elementary
2024-25,Rieke,Whole School,,5,50,Elementary
2024-25,Rigler,Whole School,Spanish,K,57,Elementary
2024-25,Rigler,Whole School,Spanish,1,61,Elementary
2024-25,Rigler,Whole School,Spanish,2,41,Elementary
2024-25,Rigler,Whole School,Spanish,3,56,Elementary
2024-25,Rigler,Whole School,Spanish,4,44,Elementary
2024-25,Rigler,Whole School,Spanish,5,42,Elementary
2024-25,Rosa Parks,Whole School,,K,32,Elementary
2024-25,Rosa Parks,Whole School,,1,30,Elementary
2024-25,Rosa Parks,Whole School,,2,24,Elementary
2024-25,Rosa Parks,Whole School,,3,28,Elementary
2024-25,Rosa Parks,Whole School,,4,34,Elementary
2024-25,Rosa Parks,Whole School,,5,24,Elementary
2024-25,Rose City Park,Vietnamese Immersion,Vietnamese,K,29,Elementary
2024-25,Rose City Park,Vietnamese Immersion,Vietnamese,1,43,Elementary
2024-25,Rose City Park,Vietnamese Immersion,Vietnamese,2,40,Elementary
2024-25,Rose City Park,Vietnamese Immersion,Vietnamese,3,33,Elementary
2024-25,Rose City Park,Vietnamese Immersion,Vietnamese,4,36,Elementary
2024-25,Rose City Park,Vietnamese Immersion,Vietnamese,5,28,Elementary
2024-25,Rose City Park,Neighborhood Program,,K,36,Elementary
2024-25,Rose City Park,Neighborhood Program,,1,23,Elementary
2024-25,Rose City Park,Neighborhood Program,,2,49,Elementary
2024-25,Rose City Park,Neighborhood Program,,3,38,Elementary
2024-25,Rose City Park,Neighborhood Program,,4,40,Elementary
2024-25,Rose City Park,Neighborhood Program,,5,51,Elementary
2024-25,Sabin,Whole School,,K,47,Elementary
2024-25,Sabin,Whole School,,1,49,Elementary
2024-25,Sabin,Whole School,,2,32,Elementary
2024-25,Sabin,Whole School,,3,59,Elementary
2024-25,Sabin,Whole School,,4,52,Elementary
2024-25,Sabin,Whole School,,5,54,Elementary
2024-25,Scott,Spanish Immersion,Spanish,K,38,Elementary
2024-25,Scott,Spanish Immersion,Spanish,1,51,Elementary
2024-25,Scott,Spanish Immersion,Spanish,2,43,Elementary
2024-25,Scott,Spanish Immersion,Spanish,3,32,Elementary
2024-25,Scott,Spanish Immersion,Spanish,4,36,Elementary
2024-25,Scott,Spanish Immersion,Spanish,5,42,Elementary
2024-25,Scott,Neighborhood Program,,K,37,Elementary
2024-25,Scott,Neighborhood Program,,1,34,Elementary
2024-25,Scott,Neighborhood Program,,2,51,Elementary
2024-25,Scott,Neighborhood Program,,3,39,Elementary
2024-25,Scott,Neighborhood Program,,4,34,Elementary
2024-25,Scott,Neighborhood Program,,5,57,Elementary
2024-25,Sitton,Spanish Immersion,Spanish,K,20,Elementary
2024-25,Sitton,Spanish Immersion,Spanish,1,24,Elementary
2024-25,Sitton,Spanish Immersion,Spanish,2,27,Elementary
2024-25,Sitton,Spanish Immersion,Spanish,3,25,Elementary
2024-25,Sitton,Spanish Immersion,Spanish,4,19,Elementary
2024-25,Sitton,Spanish Immersion,Spanish,5,18,Elementary
2024-25,Sitton,Neighborhood Program,,K,27,Elementary
2024-25,Sitton,Neighborhood Program,,1,28,Elementary
2024-25,Sitton,Neighborhood Program,,2,43,Elementary
2024-25,Sitton,Neighborhood Program,,3,43,Elementary
2024-25,Sitton,Neighborhood Program,,4,36,Elementary
2024-25,Sitton,Neighborhood Program,,5,29,Elementary
2024-25,Skyline,Whole School,,K,23,Elementary
2024-25,Skyline,Whole School,,1,29,Elementary
2024-25,Skyline,Whole School,,2,26,Elementary
2024-25,Skyline,Whole School,,3,30,Elementary
2024-25,Skyline,Whole School,,4,27,Elementary
2024-25,Skyline,Whole School,,5,22,Elementary
2024-25,Skyline,Whole School,,6,28,Elementary
2024-25,Skyline,Whole School,,7,20,Elementary
2024-25,Skyline,Whole School,,8,21,Elementary
2024-25,Stephenson,Whole School,,K,30,Elementary
2024-25,Stephenson,Whole School,,1,54,Elementary
2024-25,Stephenson,Whole School,,2,53,Elementary
2024-25,Stephenson,Whole School,,3,41,Elementary
2024-25,Stephenson,Whole School,,4,57,Elementary
2024-25,Stephenson,Whole School,,5,50,Elementary
2024-25,Sunnyside Environmental,Whole School,,K,48,Elementary
2024-25,Sunnyside Environmental,Whole School,,1,38,Elementary
2024-25,Sunnyside Environmental,Whole School,,2,50,Elementary
2024-25,Sunnyside Environmental,Whole School,,3,38,Elementary
2024-25,Sunnyside Environmental,Whole School,,4,51,Elementary
2024-25,Sunnyside Environmental,Whole School,,5,44,Elementary
2024-25,Sunnyside Environmental,Whole School,,6,62,Elementary
2024-25,Sunnyside Environmental,Whole School,,7,68,Elementary
2024-25,Sunnyside Environmental,Whole School,,8,62,Elementary
2024-25,Vernon,Whole School,,K,51,Elementary
2024-25,Vernon,Whole School,,1,56,Elementary
2024-25,Vernon,Whole School,,2,62,Elementary
2024-25,Vernon,Whole School,,3,71,Elementary
2024-25,Vernon,Whole School,,4,62,Elementary
2024-25,Vernon,Whole School,,5,59,Elementary
2024-25,Vernon,Whole School,,6,73,Elementary
2024-25,Vernon,Whole School,,7,70,Elementary
2024-25,Vernon,Whole School,,8,59,Elementary
2024-25,Vestal,Whole School,,K,46,Elementary
2024-25,Vestal,Whole School,,1,41,Elementary
2024-25,Vestal,Whole School,,2,50,Elementary
2024-25,Vestal,Whole School,,3,44,Elementary
2024-25,Vestal,Whole School,,4,40,Elementary
2024-25,Vestal,Whole School,,5,36,Elementary
2024-25,Whitman,Whole School,,K,38,Elementary
2024-25,Whitman,Whole School,,1,41,Elementary
2024-25,Whitman,Whole School,,2,30,Elementary
2024-25,Whitman,Whole School,,3,27,Elementary
2024-25,Whitman,Whole School,,4,29,Elementary
2024-25,Whitman,Whole School,,5,33,Elementary
2024-25,Winterhaven,Whole School,,K,26,Elementary
2024-25,Winterhaven,Whole School,,1,28,Elementary
2024-25,Winterhaven,Whole School,,2,27,Elementary
2024-25,Winterhaven,Whole School,,3,30,Elementary
2024-25,Winterhaven,Whole School,,4,28,Elementary
2024-25,Winterhaven,Whole School,,5,30,Elementary
2024-25,Winterhaven,Whole School,,6,51,Elementary
2024-25,Winterhaven,Whole School,,7,52,Elementary
2024-25,Winterhaven,Whole School,,8,50,Elementary
2024-25,Woodlawn,Whole School,,K,55,Elementary
2024-25,Woodlawn,Whole School,,1,59,Elementary
2024-25,Woodlawn,Whole School,,2,33,Elementary
2024-25,Woodlawn,Whole School,,3,64,Elementary
2024-25,Woodlawn,Whole School,,4,49,Elementary
2024-25,Woodlawn,Whole School,,5,46,Elementary
2024-25,Woodmere,Whole School,,K,43,Elementary
2024-25,Woodmere,Whole School,,1,40,Elementary
2024-25,Woodmere,Whole School,,2,39,Elementary
2024-25,Woodmere,Whole School,,3,43,Elementary
2024-25,Woodmere,Whole School,,4,41,Elementary
2024-25,Woodmere,Whole School,,5,36,Elementary
2024-25,Woodstock,Mandarin Immersion,Mandarin,K,29,Elementary
2024-25,Woodstock,Mandarin Immersion,Mandarin,1,42,Elementary
2024-25,Woodstock,Mandarin Immersion,Mandarin,2,30,Elementary
2024-25,Woodstock,Mandarin Immersion,Mandarin,3,36,Elementary
2024-25,Woodstock,Mandarin Immersion,Mandarin,4,29,Elementary
2024-25,Woodstock,Mandarin Immersion,Mandarin,5,40,Elementary
2024-25,Woodstock,Neighborhood Program,,K,21,Elementary
2024-25,Woodstock,Neighborhood Program,,1,24,Elementary
2024-25,Woodstock,Neighborhood Program,,2,30,Elementary
2024-25,Woodstock,Neighborhood Program,,3,41,Elementary
2024-25,Woodstock,Neighborhood Program,,4,35,Elementary
2024-25,Woodstock,Neighborhood Program,,5,37,Elementary
2024-25,Beaumont,Spanish Immersion,Spanish,6,40,Middle
2024-25,Beaumont,Spanish Immersion,Spanish,7,34,Middle
2024-25,Beaumont,Spanish Immersion,Spanish,8,42,Middle
2024-25,Beaumont,Neighborhood Program,,6,106,Middle
2024-25,Beaumont,Neighborhood Program,,7,101,Middle
2024-25,Beaumont,Neighborhood Program,,8,112,Middle
2024-25,da Vinci,Whole School,,6,144,Middle
2024-25,da Vinci,Whole School,,7,141,Middle
2024-25,da Vinci,Whole School,,8,142,Middle
2024-25,George,Spanish Immersion,Spanish,6,41,Middle
2024-25,George,Spanish Immersion,Spanish,7,29,Middle
2024-25,George,Spanish Immersion,Spanish,8,43,Middle
2024-25,George,Neighborhood Program,,6,103,Middle
2024-25,George,Neighborhood Program,,7,94,Middle
2024-25,George,Neighborhood Program,,8,94,Middle
2024-25,Gray,Whole School,,6,131,Middle
2024-25,Gray,Whole School,,7,142,Middle
2024-25,Gray,Whole School,,8,165,Middle
2024-25,Harriet Tubman,Mandarin Immersion,Mandarin,6,19,Middle
2024-25,Harriet Tubman,Mandarin Immersion,Mandarin,7,14,Middle
2024-25,Harriet Tubman,Mandarin Immersion,Mandarin,8,10,Middle
2024-25,Harriet Tubman,Neighborhood Program,,6,98,Middle
2024-25,Harriet Tubman,Neighborhood Program,,7,100,Middle
2024-25,Harriet Tubman,Neighborhood Program,,8,87,Middle
2024-25,Harrison Park,Mandarin Immersion,Mandarin,6,41,Middle
2024-25,Harrison Park,Mandarin Immersion,Mandarin,7,29,Middle
2024-25,Harrison Park,Mandarin Immersion,Mandarin,8,24,Middle
2024-25,Harrison Park,Neighborhood Program,,6,101,Middle
2024-25,Harrison Park,Neighborhood Program,,7,94,Middle
2024-25,Harrison Park,Neighborhood Program,,8,83,Middle
2024-25,Hosford,Whole School,,6,178,Middle
2024-25,Hosford,Whole School,,7,179,Middle
2024-25,Hosford,Whole School,,8,180,Middle
2024-25,Jackson,Whole School,,6,240,Middle
2024-25,Jackson,Whole School,,7,222,Middle
2024-25,Jackson,Whole School,,8,253,Middle
2024-25,Kellogg,Spanish Immersion,Spanish,6,68,Middle
2024-25,Kellogg,Spanish Immersion,Spanish,7,78,Middle
2024-25,Kellogg,Spanish Immersion,Spanish,8,75,Middle
2024-25,Kellogg,Neighborhood Program,,6,110,Middle
2024-25,Kellogg,Neighborhood Program,,7,115,Middle
2024-25,Kellogg,Neighborhood Program,,8,148,Middle
2024-25,Lane,Russian Immersion,Russian,6,18,Middle
2024-25,Lane,Russian Immersion,Russian,7,7,Middle
2024-25,Lane,Russian Immersion,Russian,8,7,Middle
2024-25,Lane,Neighborhood Program,,6,134,Middle
2024-25,Lane,Neighborhood Program,,7,142,Middle
2024-25,Lane,Neighborhood Program,,8,110,Middle
2024-25,Mt Tabor,Japanese Immersion,Japanese,6,76,Middle
2024-25,Mt Tabor,Japanese Immersion,Japanese,7,82,Middle
2024-25,Mt Tabor,Japanese Immersion,Japanese,8,80,Middle
2024-25,Mt Tabor,Neighborhood Program,,6,66,Middle
2024-25,Mt Tabor,Neighborhood Program,,7,68,Middle
2024-25,Mt Tabor,Neighborhood Program,,8,95,Middle
2024-25,Ockley Green,Spanish Immersion,Spanish,6,21,Middle
2024-25,Ockley Green,Spanish Immersion,Spanish,7,22,Middle
2024-25,Ockley Green,Spanish Immersion,Spanish,8,26,Middle
2024-25,Ockley Green,Neighborhood Program,,6,131,Middle
2024-25,Ockley Green,Neighborhood Program,,7,115,Middle
2024-25,Ockley Green,Neighborhood Program,,8,95,Middle
2024-25,Roseway Heights,Spanish Immersion,Spanish,6,34,Middle
2024-25,Roseway Heights,Spanish Immersion,Spanish,7,27,Middle
2024-25,Roseway Heights,Spanish Immersion,Spanish,8,33,Middle
2024-25,Roseway Heights,Vietnamese Immersion,Vietnamese,6,24,Middle
2024-25,Roseway Heights,Vietnamese Immersion,Vietnamese,7,13,Middle
2024-25,Roseway Heights,Vietnamese Immersion,Vietnamese,8,13,Middle
2024-25,Roseway Heights,Neighborhood Program,,6,135,Middle
2024-25,Roseway Heights,Neighborhood Program,,7,137,Middle
2024-25,Roseway Heights,Neighborhood Program,,8,149,Middle
2024-25,Sellwood,Whole School,,6,195,Middle
2024-25,Sellwood,Whole School,,7,187,Middle
2024-25,Sellwood,Whole School,,8,194,Middle
2024-25,West Sylvan,Spanish Immersion,Spanish,6,29,Middle
2024-25,West Sylvan,Spanish Immersion,Spanish,7,41,Middle
2024-25,West Sylvan,Spanish Immersion,Spanish,8,47,Middle
2024-25,West Sylvan,Neighborhood Program,,6,167,Middle
2024-25,West Sylvan,Neighborhood Program,,7,188,Middle
2024-25,West Sylvan,Neighborhood Program,,8,198,Middle
2024-25,Benson,Whole School,,9,305,High
2024-25,Benson,Whole School,,10,217,High
2024-25,Benson,Whole School,,11,203,High
2024-25,Benson,Whole School,,12,171,High
2024-25,Cleveland,Mandarin Immersion,Mandarin,9,22,High
2024-25,Cleveland,Mandarin Immersion,Mandarin,10,36,High
2024-25,Cleveland,Mandarin Immersion,Mandarin,11,39,High
2024-25,Cleveland,Mandarin Immersion,Mandarin,12,34,High
2024-25,Cleveland,Neighborhood Program,,9,332,High
2024-25,Cleveland,Neighborhood Program,,10,298,High
2024-25,Cleveland,Neighborhood Program,,11,339,High
2024-25,Cleveland,Neighborhood Program,,12,322,High
2024-25,Franklin,Russian Immersion,Russian,9,9,High
2024-25,Franklin,Russian Immersion,Russian,10,12,High
2024-25,Franklin,Russian Immersion,Russian,11,8,High
2024-25,Franklin,Russian Immersion,Russian,12,7,High
2024-25,Franklin,Spanish Immersion,Spanish,9,52,High
2024-25,Franklin,Spanish Immersion,Spanish,10,45,High
2024-25,Franklin,Spanish Immersion,Spanish,11,36,High
2024-25,Franklin,Spanish Immersion,Spanish,12,28,High
2024-25,Franklin,Neighborhood Program,,9,422,High
2024-25,Franklin,Neighborhood Program,,10,392,High
2024-25,Franklin,Neighborhood Program,,11,402,High
2024-25,Franklin,Neighborhood Program,,12,396,High
2024-25,Grant,Japanese Immersion,Japanese,9,68,High
2024-25,Grant,Japanese Immersion,Japanese,10,62,High
2024-25,Grant,Japanese Immersion,Japanese,11,69,High
2024-25,Grant,Japanese Immersion,Japanese,12,75,High
2024-25,Grant,Neighborhood Program,,9,446,High
2024-25,Grant,Neighborhood Program,,10,475,High
2024-25,Grant,Neighborhood Program,,11,482,High
2024-25,Grant,Neighborhood Program,,12,472,High
2024-25,Ida B. Wells-Barnett,Whole School,,9,412,High
2024-25,Ida B. Wells-Barnett,Whole School,,10,425,High
2024-25,Ida B. Wells-Barnett,Whole School,,11,375,High
2024-25,Ida B. Wells-Barnett,Whole School,,12,438,High
2024-25,Jefferson,Mandarin Immersion,Mandarin,9,1,High
2024-25,Jefferson,Mandarin Immersion,Mandarin,10,2,High
2024-25,Jefferson,Mandarin Immersion,Mandarin,11,10,High
2024-25,Jefferson,Neighborhood Program,,9,87,High
2024-25,Jefferson,Neighborhood Program,,10,114,High
2024-25,Jefferson,Neighborhood Program,,11,110,High
2024-25,Jefferson,Neighborhood Program,,12,135,High
2024-25,Lincoln,Spanish Immersion,Spanish,9,44,High
2024-25,Lincoln,Spanish Immersion,Spanish,10,51,High
2024-25,Lincoln,Spanish Immersion,Spanish,11,37,High
2024-25,Lincoln,Spanish Immersion,Spanish,12,53,High
2024-25,Lincoln,Neighborhood Program,,9,360,High
2024-25,Lincoln,Neighborhood Program,,10,377,High
2024-25,Lincoln,Neighborhood Program,,11,371,High
2024-25,Lincoln,Neighborhood Program,,12,322,High
2024-25,McDaniel,Portland International Scholars,,9,36,High
2024-25,McDaniel,Portland International Scholars,,10,19,High
2024-25,McDaniel,Portland International Scholars,,11,18,High
2024-25,McDaniel,Portland International Scholars,,12,24,High
2024-25,McDaniel,Spanish Immersion,Spanish,9,49,High
2024-25,McDaniel,Spanish Immersion,Spanish,10,59,High
2024-25,McDaniel,Spanish Immersion,Spanish,11,50,High
2024-25,McDaniel,Spanish Immersion,Spanish,12,56,High
2024-25,McDaniel,Neighborhood Program,,9,317,High
2024-25,McDaniel,Neighborhood Program,,10,361,High
2024-25,McDaniel,Neighborhood Program,,11,333,High
2024-25,McDaniel,Neighborhood Program,,12,364,High
2024-25,Roosevelt,Portland International Scholars,,9,15,High
2024-25,Roosevelt,Portland International Scholars,,10,18,High
2024-25,Roosevelt,Portland International Scholars,,11,11,High
2024-25,Roosevelt,Portland International Scholars,,12,3,High
2024-25,Roosevelt,Spanish Immersion,Spanish,9,82,High
2024-25,Roosevelt,Spanish Immersion,Spanish,10,74,High
2024-25,Roosevelt,Spanish Immersion,Spanish,11,76,High
2024-25,Roosevelt,Spanish Immersion,Spanish,12,63,High
2024-25,Roosevelt,Neighborhood Program,,9,283,High
2024-25,Roosevelt,Neighborhood Program,,10,259,High
2024-25,Roosevelt,Neighborhood Program,,11,302,High
2024-25,Roosevelt,Neighborhood Program,,12,266,High
2024-25,ACCESS,Whole School,,2,20,Alternative
2024-25,ACCESS,Whole School,,3,43,Alternative
2024-25,ACCESS,Whole School,,4,48,Alternative
2024-25,ACCESS,Whole School,,5,49,Alternative
2024-25,ACCESS,Whole School,,6,52,Alternative
2024-25,ACCESS,Whole School,,7,56,Alternative
2024-25,ACCESS,Whole School,,8,55,Alternative
2024-25,Alliance,Whole School,,9,6,Alternative
2024-25,Alliance,Whole School,,10,23,Alternative
2024-25,Alliance,Whole School,,11,53,Alternative
2024-25,Alliance,Whole School,,12,119,Alternative
2024-25,Head Start Early Childhood Ed,Whole School,,PK,711,Alternative
2024-25,Metro. Learning Center,Metro. Learning Center,,K,18,Alternative
2024-25,Metro. Learning Center,Metro. Learning Center,,1,15,Alternative
2024-25,Metro. Learning Center,Metro. Learning Center,,2,15,Alternative
2024-25,Metro. Learning Center,Metro. Learning Center,,3,23,Alternative
2024-25,Metro. Learning Center,Metro. Learning Center,,4,24,Alternative
2024-25,Metro. Learning Center,Metro. Learning Center,,5,26,Alternative
2024-25,Metro. Learning Center,Metro. Learning Center,,6,49,Alternative
2024-25,Metro. Learning Center,Metro. Learning Center,,7,38,Alternative
2024-25,Metro. Learning Center,Metro. Learning Center,,8,56,Alternative
2024-25,Metro. Learning Center,Metro. Learning Center,,9,10,Alternative
2024-25,Metro. Learning Center,Metro. Learning Center,,10,17,Alternative
2024-25,Metro. Learning Center,Metro. Learning Center,,11,18,Alternative
2024-25,Metro. Learning Center,Metro. Learning Center,,12,10,Alternative
2024-25,Mt Scott Learning Center,Whole School,,9,9,CBO
2024-25,Mt Scott Learning Center,Whole School,,10,23,CBO
2024-25,Mt Scott Learning Center,Whole School,,11,33,CBO
2024-25,Mt Scott Learning Center,Whole School,,12,35,CBO
2024-25,NAYA Many Nations Academy,Whole School,,9,6,CBO
2024-25,NAYA Many Nations Academy,Whole School,,10,15,CBO
2024-25,NAYA Many Nations Academy,Whole School,,11,17,CBO
2024-25,NAYA Many Nations Academy,Whole School,,12,12,CBO
2024-25,PCC,P.C.C. H.S. Completion,,10,2,CBO
2024-25,PCC,P.C.C. H.S. Completion,,11,44,CBO
2024-25,PCC,P.C.C. H.S. Completion,,12,121,CBO
2024-25,PCC,P.C.C. YES!,,11,20,CBO
2024-25,PCC,P.C.C. YES!,,12,199,CBO
2024-25,Rosemary Anderson,Rosemary Anderson H.S. - Lents,,9,3,CBO
2024-25,Rosemary Anderson,Rosemary Anderson H.S. - Lents,,10,14,CBO
2024-25,Rosemary Anderson,Rosemary Anderson H.S. - Lents,,11,16,CBO
2024-25,Rosemary Anderson,Rosemary Anderson H.S. - Lents,,12,44,CBO
2024-25,Rosemary Anderson,Rosemary Anderson H.S. - New Columbia,,9,1,CBO
2024-25,Rosemary Anderson,Rosemary Anderson H.S. - New Columbia,,10,14,CBO
2024-25,Rosemary Anderson,Rosemary Anderson H.S. - New Columbia,,11,28,CBO
2024-25,Rosemary Anderson,Rosemary Anderson H.S. - New Columbia,,12,29,CBO
2024-25,Rosemary Anderson,Rosemary Anderson H.S. - North,,9,1,CBO
2024-25,Rosemary Anderson,Rosemary Anderson H.S. - North,,10,9,CBO
2024-25,Rosemary Anderson,Rosemary Anderson H.S. - North,,11,23,CBO
2024-25,Rosemary Anderson,Rosemary Anderson H.S. - North,,12,44,CBO
2024-25,Rosemary Anderson,Rosemary Anderson M.S.,,6,4,CBO
2024-25,Rosemary Anderson,Rosemary Anderson M.S.,,7,7,CBO
2024-25,Rosemary Anderson,Rosemary Anderson M.S.,,8,8,CBO
2024-25,Youth Builders,Whole School,,12,9,CBO
2024-25,Youth Progress Association,Whole School,,8,1,CBO
2024-25,Youth Progress Association,Whole School,,10,3,CBO
2024-25,CTC Northeast,Whole School,,12,48,Special Services
2024-25,CTC Southeast,Whole School,,12,92,Special Services
2024-25,DART Programs,Counterpoint,,9,2,Special Services
2024-25,DART Programs,Counterpoint,,10,1,Special Services
2024-25,DART Programs,Counterpoint,,11,3,Special Services
2024-25,DART Programs,Counterpoint,,12,3,Special Services
2024-25,DART Programs,Edwards,,2,1,Special Services
2024-25,DART Programs,Edwards,,3,1,Special Services
2024-25,DART Programs,Edwards,,5,2,Special Services
2024-25,DART Programs,Edwards,,7,2,Special Services
2024-25,DART Programs,Edwards,,8,1,Special Services
2024-25,DART Programs,Edwards,,9,1,Special Services
2024-25,DART Programs,Edwards,,10,2,Special Services
2024-25,DART Programs,Kuumba School,,11,1,Special Services
2024-25,DART Programs,SAGE,,9,1,Special Services
2024-25,DART Programs,SAGE,,10,5,Special Services
2024-25,DART Programs,SAGE,,11,4,Special Services
2024-25,DART Programs,SAGE,,12,1,Special Services
2024-25,DART Programs,Souther School,,1,1,Special Services
2024-25,DART Programs,Souther School,,2,1,Special Services
2024-25,DART Programs,Souther School,,3,4,Special Services
2024-25,DART Programs,Souther School,,4,1,Special Services
2024-25,DART Programs,Souther School,,5,4,Special Services
2024-25,DART Programs,Souther School,,6,3,Special Services
2024-25,DART Programs,Souther School,,7,3,Special Services
2024-25,DART Programs,Souther School,,8,5,Special Services
2024-25,DART Programs,Souther School,,9,3,Special Services
2024-25,DART Programs,Souther School,,10,5,Special Services
2024-25,DART Programs,Souther School,,11,3,Special Services
2024-25,DART Programs,Souther School,,12,5,Special Services
2024-25,PPS Pioneer Programs,Pioneer 5-8 Youngson,,5,1,Special Services
2024-25,PPS Pioneer Programs,Pioneer 5-8 Youngson,,6,6,Special Services
2024-25,PPS Pioneer Programs,Pioneer 5-8 Youngson,,7,10,Special Services
2024-25,PPS Pioneer Programs,Pioneer 5-8 Youngson,,8,8,Special Services
2024-25,PPS Pioneer Programs,Pioneer H.S.,,9,7,Special Services
2024-25,PPS Pioneer Programs,Pioneer H.S.,,10,4,Special Services
2024-25,PPS Pioneer Programs,Pioneer H.S.,,11,7,Special Services
2024-25,PPS Pioneer Programs,Pioneer H.S.,,12,7,Special Services
2024-25,PPS Pioneer Programs,Pioneer K-6 Holladay Center,,K,1,Special Services
2024-25,PPS Pioneer Programs,Pioneer K-6 Holladay Center,,1,2,Special Services
2024-25,PPS Pioneer Programs,Pioneer K-6 Holladay Center,,2,5,Special Services
2024-25,PPS Pioneer Programs,Pioneer K-6 Holladay Center,,3,5,Special Services
2024-25,PPS Pioneer Programs,Pioneer K-6 Holladay Center,,4,6,Special Services
2024-25,PPS Pioneer Programs,Pioneer K-6 Holladay Center,,5,5,Special Services
2024-25,Providence Hospital,Whole School,,K,2,Special Services
2024-25,Providence Hospital,Whole School,,1,1,Special Services
2024-25,Providence Hospital,Whole School,,2,1,Special Services
2024-25,Providence Hospital,Whole School,,4,2,Special Services
2024-25,Providence Hospital,Whole School,,5,1,Special Services
2024-25,Providence Hospital,Whole School,,11,3,Special Services
2024-25,Providence Hospital,Whole School,,12,2,Special Services
2024-25,Serendipity,Whole School,,7,2,Special Services
2024-25,Serendipity,Whole School,,8,3,Special Services
2024-25,Serendipity,Whole School,,9,1,Special Services
2024-25,Serendipity,Whole School,,10,1,Special Services
2024-25,Serendipity,Whole School,,11,2,Special Services
2024-25,Serendipity,Whole School,,12,1,Special Services
2024-25,Special Education Instruction,Whole School,,K,2,Special Services
2024-25,Special Education Instruction,Whole School,,1,7,Special Services
2024-25,Special Education Instruction,Whole School,,2,10,Special Services
2024-25,Special Education Instruction,Whole School,,3,16,Special Services
2024-25,Special Education Instruction,Whole School,,4,8,Special Services
2024-25,Special Education Instruction,Whole School,,5,3,Special Services
2024-25,Special Education Instruction,Whole School,,6,2,Special Services
2024-25,Special Education Instruction,Whole School,,8,2,Special Services
2024-25,Special Education Instruction,Whole School,,9,1,Special Services
2024-25,Arthur Academy,Whole School,,K,30,Charter
2024-25,Arthur Academy,Whole School,,1,30,Charter
2024-25,Arthur Academy,Whole School,,2,31,Charter
2024-25,Arthur Academy,Whole School,,3,27,Charter
2024-25,Arthur Academy,Whole School,,4,25,Charter
2024-25,Arthur Academy,Whole School,,5,23,Charter
2024-25,Emerson School,Whole School,,K,20,Charter
2024-25,Emerson School,Whole School,,1,22,Charter
2024-25,Emerson School,Whole School,,2,22,Charter
2024-25,Emerson School,Whole School,,3,24,Charter
2024-25,Emerson School,Whole School,,4,20,Charter
2024-25,Emerson School,Whole School,,5,22,Charter
2024-25,Kairos PDX,Whole School,,K,43,Charter
2024-25,Kairos PDX,Whole School,,1,39,Charter
2024-25,Kairos PDX,Whole School,,2,35,Charter
2024-25,Kairos PDX,Whole School,,3,39,Charter
2024-25,Kairos PDX,Whole School,,4,35,Charter
2024-25,Kairos PDX,Whole School,,5,35,Charter
2024-25,Le Monde,Whole School,,K,48,Charter
2024-25,Le Monde,Whole School,,1,48,Charter
2024-25,Le Monde,Whole School,,2,46,Charter
2024-25,Le Monde,Whole School,,3,49,Charter
2024-25,Le Monde,Whole School,,4,42,Charter
2024-25,Le Monde,Whole School,,5,41,Charter
2024-25,Le Monde,Whole School,,6,36,Charter
2024-25,Le Monde,Whole School,,7,31,Charter
2024-25,Le Monde,Whole School,,8,35,Charter
2024-25,Portland Village School,Whole School,,K,44,Charter
2024-25,Portland Village School,Whole School,,1,46,Charter
2024-25,Portland Village School,Whole School,,2,47,Charter
2024-25,Portland Village School,Whole School,,3,41,Charter
2024-25,Portland Village School,Whole School,,4,45,Charter
2024-25,Portland Village School,Whole School,,5,49,Charter
2024-25,Portland Village School,Whole School,,6,41,Charter
2024-25,Portland Village School,Whole School,,7,51,Charter
2024-25,Portland Village School,Whole School,,8,44,Charter
2025-26,Abernethy,Whole School,,K,43,Elementary
2025-26,Abernethy,Whole School,,1,44,Elementary
2025-26,Abernethy,Whole School,,2,37,Elementary
2025-26,Abernethy,Whole School,,3,42,Elementary
2025-26,Abernethy,Whole School,,4,47,Elementary
2025-26,Abernethy,Whole School,,5,56,Elementary
2025-26,Ainsworth,Spanish Immersion,Spanish,K,46,Elementary
2025-26,Ainsworth,Spanish Immersion,Spanish,1,45,Elementary
2025-26,Ainsworth,Spanish Immersion,Spanish,2,52,Elementary
2025-26,Ainsworth,Spanish Immersion,Spanish,3,45,Elementary
2025-26,Ainsworth,Spanish Immersion,Spanish,4,51,Elementary
2025-26,Ainsworth,Spanish Immersion,Spanish,5,48,Elementary
2025-26,Ainsworth,Neighborhood Program,,K,32,Elementary
2025-26,Ainsworth,Neighborhood Program,,1,46,Elementary
2025-26,Ainsworth,Neighborhood Program,,2,55,Elementary
2025-26,Ainsworth,Neighborhood Program,,3,42,Elementary
2025-26,Ainsworth,Neighborhood Program,,4,46,Elementary
2025-26,Ainsworth,Neighborhood Program,,5,52,Elementary
2025-26,Alameda,Whole School,,K,83,Elementary
2025-26,Alameda,Whole School,,1,83,Elementary
2025-26,Alameda,Whole School,,2,81,Elementary
2025-26,Alameda,Whole School,,3,83,Elementary
2025-26,Alameda,Whole School,,4,90,Elementary
2025-26,Alameda,Whole School,,5,93,Elementary
2025-26,Arleta,Whole School,,K,41,Elementary
2025-26,Arleta,Whole School,,1,29,Elementary
2025-26,Arleta,Whole School,,2,40,Elementary
2025-26,Arleta,Whole School,,3,36,Elementary
2025-26,Arleta,Whole School,,4,36,Elementary
2025-26,Arleta,Whole School,,5,48,Elementary
2025-26,Astor,Whole School,,K,36,Elementary
2025-26,Astor,Whole School,,1,45,Elementary
2025-26,Astor,Whole School,,2,45,Elementary
2025-26,Astor,Whole School,,3,46,Elementary
2025-26,Astor,Whole School,,4,53,Elementary
2025-26,Astor,Whole School,,5,38,Elementary
2025-26,Astor,Whole School,,6,50,Elementary
2025-26,Astor,Whole School,,7,52,Elementary
2025-26,Astor,Whole School,,8,35,Elementary
2025-26,Atkinson,Spanish Immersion,Spanish,K,27,Elementary
2025-26,Atkinson,Spanish Immersion,Spanish,1,35,Elementary
2025-26,Atkinson,Spanish Immersion,Spanish,2,29,Elementary
2025-26,Atkinson,Spanish Immersion,Spanish,3,29,Elementary
2025-26,Atkinson,Spanish Immersion,Spanish,4,30,Elementary
2025-26,Atkinson,Spanish Immersion,Spanish,5,28,Elementary
2025-26,Atkinson,Neighborhood Program,,K,38,Elementary
2025-26,Atkinson,Neighborhood Program,,1,16,Elementary
2025-26,Atkinson,Neighborhood Program,,2,39,Elementary
2025-26,Atkinson,Neighborhood Program,,3,33,Elementary
2025-26,Atkinson,Neighborhood Program,,4,25,Elementary
2025-26,Atkinson,Neighborhood Program,,5,37,Elementary
2025-26,Beach,Spanish Immersion,Spanish,K,25,Elementary
2025-26,Beach,Spanish Immersion,Spanish,1,15,Elementary
2025-26,Beach,Spanish Immersion,Spanish,2,26,Elementary
2025-26,Beach,Spanish Immersion,Spanish,3,22,Elementary
2025-26,Beach,Spanish Immersion,Spanish,4,36,Elementary
2025-26,Beach,Spanish Immersion,Spanish,5,31,Elementary
2025-26,Beach,Neighborhood Program,,K,34,Elementary
2025-26,Beach,Neighborhood Program,,1,21,Elementary
2025-26,Beach,Neighborhood Program,,2,23,Elementary
2025-26,Beach,Neighborhood Program,,3,25,Elementary
2025-26,Beach,Neighborhood Program,,4,17,Elementary
2025-26,Beach,Neighborhood Program,,5,13,Elementary
2025-26,Beverly Cleary,Whole School,,K,40,Elementary
2025-26,Beverly Cleary,Whole School,,1,51,Elementary
2025-26,Beverly Cleary,Whole School,,2,37,Elementary
2025-26,Beverly Cleary,Whole School,,3,50,Elementary
2025-26,Beverly Cleary,Whole School,,4,50,Elementary
2025-26,Beverly Cleary,Whole School,,5,48,Elementary
2025-26,Beverly Cleary,Whole School,,6,64,Elementary
2025-26,Beverly Cleary,Whole School,,7,78,Elementary
2025-26,Beverly Cleary,Whole School,,8,62,Elementary
2025-26,Boise-Eliot/Humboldt,Whole School,,K,53,Elementary
2025-26,Boise-Eliot/Humboldt,Whole School,,1,40,Elementary
2025-26,Boise-Eliot/Humboldt,Whole School,,2,54,Elementary
2025-26,Boise-Eliot/Humboldt,Whole School,,3,46,Elementary
2025-26,Boise-Eliot/Humboldt,Whole School,,4,48,Elementary
2025-26,Boise-Eliot/Humboldt,Whole School,,5,53,Elementary
2025-26,Bridger Creative Science,Whole School,,K,46,Elementary
2025-26,Bridger Creative Science,Whole School,,1,44,Elementary
2025-26,Bridger Creative Science,Whole School,,2,42,Elementary
2025-26,Bridger Creative Science,Whole School,,3,56,Elementary
2025-26,Bridger Creative Science,Whole School,,4,69,Elementary
2025-26,Bridger Creative Science,Whole School,,5,49,Elementary
2025-26,Bridger Creative Science,Whole School,,6,41,Elementary
2025-26,Bridger Creative Science,Whole School,,7,48,Elementary
2025-26,Bridger Creative Science,Whole School,,8,51,Elementary
2025-26,Bridlemile,Whole School,,K,78,Elementary
2025-26,Bridlemile,Whole School,,1,58,Elementary
2025-26,Bridlemile,Whole School,,2,71,Elementary
2025-26,Bridlemile,Whole School,,3,75,Elementary
2025-26,Bridlemile,Whole School,,4,68,Elementary
2025-26,Bridlemile,Whole School,,5,73,Elementary
2025-26,Buckman,Whole School,,K,43,Elementary
2025-26,Buckman,Whole School,,1,39,Elementary
2025-26,Buckman,Whole School,,2,36,Elementary
2025-26,Buckman,Whole School,,3,42,Elementary
2025-26,Buckman,Whole School,,4,55,Elementary
2025-26,Buckman,Whole School,,5,68,Elementary
2025-26,Capitol Hill,Whole School,,K,58,Elementary
2025-26,Capitol Hill,Whole School,,1,39,Elementary
2025-26,Capitol Hill,Whole School,,2,45,Elementary
2025-26,Capitol Hill,Whole School,,3,66,Elementary
2025-26,Capitol Hill,Whole School,,4,62,Elementary
2025-26,Capitol Hill,Whole School,,5,55,Elementary
2025-26,César Chávez,Spanish Immersion,Spanish,K,35,Elementary
2025-26,César Chávez,Spanish Immersion,Spanish,1,31,Elementary
2025-26,César Chávez,Spanish Immersion,Spanish,2,37,Elementary
2025-26,César Chávez,Spanish Immersion,Spanish,3,45,Elementary
2025-26,César Chávez,Spanish Immersion,Spanish,4,24,Elementary
2025-26,César Chávez,Spanish Immersion,Spanish,5,23,Elementary
2025-26,César Chávez,Spanish Immersion,Spanish,6,31,Elementary
2025-26,César Chávez,Spanish Immersion,Spanish,7,36,Elementary
2025-26,César Chávez,Spanish Immersion,Spanish,8,38,Elementary
2025-26,César Chávez,Neighborhood Program,,K,12,Elementary
2025-26,César Chávez,Neighborhood Program,,1,14,Elementary
2025-26,César Chávez,Neighborhood Program,,2,9,Elementary
2025-26,César Chávez,Neighborhood Program,,3,10,Elementary
2025-26,César Chávez,Neighborhood Program,,4,17,Elementary
2025-26,César Chávez,Neighborhood Program,,5,16,Elementary
2025-26,César Chávez,Neighborhood Program,,6,25,Elementary
2025-26,César Chávez,Neighborhood Program,,7,18,Elementary
2025-26,César Chávez,Neighborhood Program,,8,22,Elementary
2025-26,Chapman,Whole School,,K,35,Elementary
2025-26,Chapman,Whole School,,1,60,Elementary
2025-26,Chapman,Whole School,,2,63,Elementary
2025-26,Chapman,Whole School,,3,52,Elementary
2025-26,Chapman,Whole School,,4,72,Elementary
2025-26,Chapman,Whole School,,5,48,Elementary
2025-26,Chief Joseph,Whole School,,K,38,Elementary
2025-26,Chief Joseph,Whole School,,1,45,Elementary
2025-26,Chief Joseph,Whole School,,2,47,Elementary
2025-26,Chief Joseph,Whole School,,3,38,Elementary
2025-26,Chief Joseph,Whole School,,4,36,Elementary
2025-26,Chief Joseph,Whole School,,5,38,Elementary
2025-26,Clark,Mandarin Immersion,Mandarin,K,19,Elementary
2025-26,Clark,Mandarin Immersion,Mandarin,1,15,Elementary
2025-26,Clark,Mandarin Immersion,Mandarin,2,15,Elementary
2025-26,Clark,Mandarin Immersion,Mandarin,3,21,Elementary
2025-26,Clark,Mandarin Immersion,Mandarin,4,10,Elementary
2025-26,Clark,Mandarin Immersion,Mandarin,5,11,Elementary
2025-26,Clark,Neighborhood Program,,K,41,Elementary
2025-26,Clark,Neighborhood Program,,1,43,Elementary
2025-26,Clark,Neighborhood Program,,2,43,Elementary
2025-26,Clark,Neighborhood Program,,3,46,Elementary
2025-26,Clark,Neighborhood Program,,4,52,Elementary
2025-26,Clark,Neighborhood Program,,5,48,Elementary
2025-26,Creston,Whole School,,K,27,Elementary
2025-26,Creston,Whole School,,1,32,Elementary
2025-26,Creston,Whole School,,2,34,Elementary
2025-26,Creston,Whole School,,3,41,Elementary
2025-26,Creston,Whole School,,4,41,Elementary
2025-26,Creston,Whole School,,5,38,Elementary
2025-26,Duniway,Whole School,,K,57,Elementary
2025-26,Duniway,Whole School,,1,54,Elementary
2025-26,Duniway,Whole School,,2,63,Elementary
2025-26,Duniway,Whole School,,3,52,Elementary
2025-26,Duniway,Whole School,,4,80,Elementary
2025-26,Duniway,Whole School,,5,56,Elementary
2025-26,Faubion,Whole School,,K,65,Elementary
2025-26,Faubion,Whole School,,1,58,Elementary
2025-26,Faubion,Whole School,,2,73,Elementary
2025-26,Faubion,Whole School,,3,66,Elementary
2025-26,Faubion,Whole School,,4,61,Elementary
2025-26,Faubion,Whole School,,5,54,Elementary
2025-26,Faubion,Whole School,,6,75,Elementary
2025-26,Faubion,Whole School,,7,76,Elementary
2025-26,Faubion,Whole School,,8,72,Elementary
2025-26,Forest Park,Whole School,,K,35,Elementary
2025-26,Forest Park,Whole School,,1,47,Elementary
2025-26,Forest Park,Whole School,,2,44,Elementary
2025-26,Forest Park,Whole School,,3,46,Elementary
2025-26,Forest Park,Whole School,,4,43,Elementary
2025-26,Forest Park,Whole School,,5,49,Elementary
2025-26,Glencoe,Whole School,,K,49,Elementary
2025-26,Glencoe,Whole School,,1,42,Elementary
2025-26,Glencoe,Whole School,,2,47,Elementary
2025-26,Glencoe,Whole School,,3,75,Elementary
2025-26,Glencoe,Whole School,,4,65,Elementary
2025-26,Glencoe,Whole School,,5,61,Elementary
2025-26,Grout,Whole School,,K,51,Elementary
2025-26,Grout,Whole School,,1,59,Elementary
2025-26,Grout,Whole School,,2,49,Elementary
2025-26,Grout,Whole School,,3,50,Elementary
2025-26,Grout,Whole School,,4,53,Elementary
2025-26,Grout,Whole School,,5,65,Elementary
2025-26,Hayhurst,Whole School,,K,41,Elementary
2025-26,Hayhurst,Whole School,,1,45,Elementary
2025-26,Hayhurst,Whole School,,2,48,Elementary
2025-26,Hayhurst,Whole School,,3,50,Elementary
2025-26,Hayhurst,Whole School,,4,54,Elementary
2025-26,Hayhurst,Whole School,,5,52,Elementary
2025-26,Irvington,Whole School,,K,35,Elementary
2025-26,Irvington,Whole School,,1,45,Elementary
2025-26,Irvington,Whole School,,2,45,Elementary
2025-26,Irvington,Whole School,,3,43,Elementary
2025-26,Irvington,Whole School,,4,46,Elementary
2025-26,Irvington,Whole School,,5,45,Elementary
2025-26,James John,Spanish Immersion,Spanish,K,20,Elementary
2025-26,James John,Spanish Immersion,Spanish,1,25,Elementary
2025-26,James John,Spanish Immersion,Spanish,2,22,Elementary
2025-26,James John,Spanish Immersion,Spanish,3,21,Elementary
2025-26,James John,Spanish Immersion,Spanish,4,22,Elementary
2025-26,James John,Spanish Immersion,Spanish,5,23,Elementary
2025-26,James John,Neighborhood Program,,K,39,Elementary
2025-26,James John,Neighborhood Program,,1,48,Elementary
2025-26,James John,Neighborhood Program,,2,30,Elementary
2025-26,James John,Neighborhood Program,,3,32,Elementary
2025-26,James John,Neighborhood Program,,4,41,Elementary
2025-26,James John,Neighborhood Program,,5,42,Elementary
2025-26,Kelly,Russian Immersion,Russian,K,25,Elementary
2025-26,Kelly,Russian Immersion,Russian,1,23,Elementary
2025-26,Kelly,Russian Immersion,Russian,2,20,Elementary
2025-26,Kelly,Russian Immersion,Russian,3,28,Elementary
2025-26,Kelly,Russian Immersion,Russian,4,28,Elementary
2025-26,Kelly,Russian Immersion,Russian,5,19,Elementary
2025-26,Kelly,Neighborhood Program,,K,44,Elementary
2025-26,Kelly,Neighborhood Program,,1,52,Elementary
2025-26,Kelly,Neighborhood Program,,2,43,Elementary
2025-26,Kelly,Neighborhood Program,,3,38,Elementary
2025-26,Kelly,Neighborhood Program,,4,49,Elementary
2025-26,Kelly,Neighborhood Program,,5,42,Elementary
2025-26,Laurelhurst,Whole School,,K,42,Elementary
2025-26,Laurelhurst,Whole School,,1,60,Elementary
2025-26,Laurelhurst,Whole School,,2,56,Elementary
2025-26,Laurelhurst,Whole School,,3,67,Elementary
2025-26,Laurelhurst,Whole School,,4,67,Elementary
2025-26,Laurelhurst,Whole School,,5,83,Elementary
2025-26,Laurelhurst,Whole School,,6,75,Elementary
2025-26,Laurelhurst,Whole School,,7,72,Elementary
2025-26,Laurelhurst,Whole School,,8,88,Elementary
2025-26,Lee,Whole School,,K,42,Elementary
2025-26,Lee,Whole School,,1,28,Elementary
2025-26,Lee,Whole School,,2,55,Elementary
2025-26,Lee,Whole School,,3,38,Elementary
2025-26,Lee,Whole School,,4,51,Elementary
2025-26,Lee,Whole School,,5,37,Elementary
2025-26,Lent,Whole School,Spanish,K,43,Elementary
2025-26,Lent,Whole School,Spanish,1,33,Elementary
2025-26,Lent,Whole School,Spanish,2,40,Elementary
2025-26,Lent,Whole School,Spanish,3,38,Elementary
2025-26,Lent,Whole School,Spanish,4,46,Elementary
2025-26,Lent,Whole School,Spanish,5,56,Elementary
2025-26,Lewis,Whole School,,K,34,Elementary
2025-26,Lewis,Whole School,,1,43,Elementary
2025-26,Lewis,Whole School,,2,27,Elementary
2025-26,Lewis,Whole School,,3,53,Elementary
2025-26,Lewis,Whole School,,4,53,Elementary
2025-26,Lewis,Whole School,,5,49,Elementary
2025-26,Llewellyn,Whole School,,K,53,Elementary
2025-26,Llewellyn,Whole School,,1,47,Elementary
2025-26,Llewellyn,Whole School,,2,41,Elementary
2025-26,Llewellyn,Whole School,,3,66,Elementary
2025-26,Llewellyn,Whole School,,4,75,Elementary
2025-26,Llewellyn,Whole School,,5,63,Elementary
2025-26,Maplewood,Whole School,,K,52,Elementary
2025-26,Maplewood,Whole School,,1,36,Elementary
2025-26,Maplewood,Whole School,,2,47,Elementary
2025-26,Maplewood,Whole School,,3,57,Elementary
2025-26,Maplewood,Whole School,,4,51,Elementary
2025-26,Maplewood,Whole School,,5,44,Elementary
2025-26,Markham,Whole School,,K,60,Elementary
2025-26,Markham,Whole School,,1,50,Elementary
2025-26,Markham,Whole School,,2,50,Elementary
2025-26,Markham,Whole School,,3,50,Elementary
2025-26,Markham,Whole School,,4,65,Elementary
2025-26,Markham,Whole School,,5,64,Elementary
2025-26,Marysville,Whole School,,K,48,Elementary
2025-26,Marysville,Whole School,,1,50,Elementary
2025-26,Marysville,Whole School,,2,43,Elementary
2025-26,Marysville,Whole School,,3,47,Elementary
2025-26,Marysville,Whole School,,4,55,Elementary
2025-26,Marysville,Whole School,,5,64,Elementary
2025-26,MLK Jr,Mandarin Immersion,Mandarin,K,48,Elementary
2025-26,MLK Jr,Mandarin Immersion,Mandarin,1,32,Elementary
2025-26,MLK Jr,Mandarin Immersion,Mandarin,2,32,Elementary
2025-26,MLK Jr,Mandarin Immersion,Mandarin,3,38,Elementary
2025-26,MLK Jr,Mandarin Immersion,Mandarin,4,15,Elementary
2025-26,MLK Jr,Mandarin Immersion,Mandarin,5,28,Elementary
2025-26,MLK Jr,Neighborhood Program,,K,23,Elementary
2025-26,MLK Jr,Neighborhood Program,,1,18,Elementary
2025-26,MLK Jr,Neighborhood Program,,2,24,Elementary
2025-26,MLK Jr,Neighborhood Program,,3,19,Elementary
2025-26,MLK Jr,Neighborhood Program,,4,16,Elementary
2025-26,MLK Jr,Neighborhood Program,,5,26,Elementary
2025-26,Odyssey,Whole School,,K,20,Elementary
2025-26,Odyssey,Whole School,,1,19,Elementary
2025-26,Odyssey,Whole School,,2,26,Elementary
2025-26,Odyssey,Whole School,,3,21,Elementary
2025-26,Odyssey,Whole School,,4,26,Elementary
2025-26,Odyssey,Whole School,,5,28,Elementary
2025-26,Odyssey,Whole School,,6,26,Elementary
2025-26,Odyssey,Whole School,,7,28,Elementary
2025-26,Odyssey,Whole School,,8,23,Elementary
2025-26,Peninsula,Whole School,,K,43,Elementary
2025-26,Peninsula,Whole School,,1,38,Elementary
2025-26,Peninsula,Whole School,,2,48,Elementary
2025-26,Peninsula,Whole School,,3,42,Elementary
2025-26,Peninsula,Whole School,,4,41,Elementary
2025-26,Peninsula,Whole School,,5,27,Elementary
2025-26,Richmond,Whole School,Japanese,K,89,Elementary
2025-26,Richmond,Whole School,Japanese,1,95,Elementary
2025-26,Richmond,Whole School,Japanese,2,84,Elementary
2025-26,Richmond,Whole School,Japanese,3,83,Elementary
2025-26,Richmond,Whole School,Japanese,4,79,Elementary
2025-26,Richmond,Whole School,Japanese,5,82,Elementary
2025-26,Rieke,Whole School,,K,43,Elementary
2025-26,Rieke,Whole School,,1,40,Elementary
2025-26,Rieke,Whole School,,2,43,Elementary
2025-26,Rieke,Whole School,,3,40,Elementary
2025-26,Rieke,Whole School,,4,46,Elementary
2025-26,Rieke,Whole School,,5,52,Elementary
2025-26,Rigler,Whole School,Spanish,K,50,Elementary
2025-26,Rigler,Whole School,Spanish,1,60,Elementary
2025-26,Rigler,Whole School,Spanish,2,58,Elementary
2025-26,Rigler,Whole School,Spanish,3,33,Elementary
2025-26,Rigler,Whole School,Spanish,4,49,Elementary
2025-26,Rigler,Whole School,Spanish,5,39,Elementary
2025-26,Rosa Parks,Whole School,,K,23,Elementary
2025-26,Rosa Parks,Whole School,,1,30,Elementary
2025-26,Rosa Parks,Whole School,,2,24,Elementary
2025-26,Rosa Parks,Whole School,,3,21,Elementary
2025-26,Rosa Parks,Whole School,,4,32,Elementary
2025-26,Rosa Parks,Whole School,,5,30,Elementary
2025-26,Rose City Park,Vietnamese Immersion,Vietnamese,K,36,Elementary
2025-26,Rose City Park,Vietnamese Immersion,Vietnamese,1,30,Elementary
2025-26,Rose City Park,Vietnamese Immersion,Vietnamese,2,40,Elementary
2025-26,Rose City Park,Vietnamese Immersion,Vietnamese,3,38,Elementary
2025-26,Rose City Park,Vietnamese Immersion,Vietnamese,4,28,Elementary
2025-26,Rose City Park,Vietnamese Immersion,Vietnamese,5,35,Elementary
2025-26,Rose City Park,Neighborhood Program,,K,18,Elementary
2025-26,Rose City Park,Neighborhood Program,,1,37,Elementary
2025-26,Rose City Park,Neighborhood Program,,2,22,Elementary
2025-26,Rose City Park,Neighborhood Program,,3,52,Elementary
2025-26,Rose City Park,Neighborhood Program,,4,41,Elementary
2025-26,Rose City Park,Neighborhood Program,,5,40,Elementary
2025-26,Sabin,Whole School,,K,37,Elementary
2025-26,Sabin,Whole School,,1,48,Elementary
2025-26,Sabin,Whole School,,2,50,Elementary
2025-26,Sabin,Whole School,,3,27,Elementary
2025-26,Sabin,Whole School,,4,60,Elementary
2025-26,Sabin,Whole School,,5,47,Elementary
2025-26,Scott,Spanish Immersion,Spanish,K,39,Elementary
2025-26,Scott,Spanish Immersion,Spanish,1,38,Elementary
2025-26,Scott,Spanish Immersion,Spanish,2,44,Elementary
2025-26,Scott,Spanish Immersion,Spanish,3,35,Elementary
2025-26,Scott,Spanish Immersion,Spanish,4,33,Elementary
2025-26,Scott,Spanish Immersion,Spanish,5,33,Elementary
2025-26,Scott,Neighborhood Program,,K,37,Elementary
2025-26,Scott,Neighborhood Program,,1,44,Elementary
2025-26,Scott,Neighborhood Program,,2,36,Elementary
2025-26,Scott,Neighborhood Program,,3,55,Elementary
2025-26,Scott,Neighborhood Program,,4,41,Elementary
2025-26,Scott,Neighborhood Program,,5,41,Elementary
2025-26,Sitton,Spanish Immersion,Spanish,K,21,Elementary
2025-26,Sitton,Spanish Immersion,Spanish,1,25,Elementary
2025-26,Sitton,Spanish Immersion,Spanish,2,25,Elementary
2025-26,Sitton,Spanish Immersion,Spanish,3,25,Elementary
2025-26,Sitton,Spanish Immersion,Spanish,4,23,Elementary
2025-26,Sitton,Spanish Immersion,Spanish,5,19,Elementary
2025-26,Sitton,Neighborhood Program,,K,34,Elementary
2025-26,Sitton,Neighborhood Program,,1,27,Elementary
2025-26,Sitton,Neighborhood Program,,2,32,Elementary
2025-26,Sitton,Neighborhood Program,,3,45,Elementary
2025-26,Sitton,Neighborhood Program,,4,37,Elementary
2025-26,Sitton,Neighborhood Program,,5,32,Elementary
2025-26,Skyline,Whole School,,K,12,Elementary
2025-26,Skyline,Whole School,,1,22,Elementary
2025-26,Skyline,Whole School,,2,29,Elementary
2025-26,Skyline,Whole School,,3,21,Elementary
2025-26,Skyline,Whole School,,4,29,Elementary
2025-26,Skyline,Whole School,,5,26,Elementary
2025-26,Skyline,Whole School,,6,20,Elementary
2025-26,Skyline,Whole School,,7,27,Elementary
2025-26,Skyline,Whole School,,8,21,Elementary
2025-26,Stephenson,Whole School,,K,41,Elementary
2025-26,Stephenson,Whole School,,1,33,Elementary
2025-26,Stephenson,Whole School,,2,57,Elementary
2025-26,Stephenson,Whole School,,3,53,Elementary
2025-26,Stephenson,Whole School,,4,41,Elementary
2025-26,Stephenson,Whole School,,5,56,Elementary
2025-26,Sunnyside Environmental,Whole School,,K,46,Elementary
2025-26,Sunnyside Environmental,Whole School,,1,50,Elementary
2025-26,Sunnyside Environmental,Whole School,,2,41,Elementary
2025-26,Sunnyside Environmental,Whole School,,3,52,Elementary
2025-26,Sunnyside Environmental,Whole School,,4,50,Elementary
2025-26,Sunnyside Environmental,Whole School,,5,53,Elementary
2025-26,Sunnyside Environmental,Whole School,,6,64,Elementary
2025-26,Sunnyside Environmental,Whole School,,7,59,Elementary
2025-26,Sunnyside Environmental,Whole School,,8,70,Elementary
2025-26,Vernon,Whole School,,K,44,Elementary
2025-26,Vernon,Whole School,,1,55,Elementary
2025-26,Vernon,Whole School,,2,56,Elementary
2025-26,Vernon,Whole School,,3,62,Elementary
2025-26,Vernon,Whole School,,4,67,Elementary
2025-26,Vernon,Whole School,,5,61,Elementary
2025-26,Vernon,Whole School,,6,57,Elementary
2025-26,Vernon,Whole School,,7,66,Elementary
2025-26,Vernon,Whole School,,8,73,Elementary
2025-26,Vestal,Whole School,,K,52,Elementary
2025-26,Vestal,Whole School,,1,53,Elementary
2025-26,Vestal,Whole School,,2,43,Elementary
2025-26,Vestal,Whole School,,3,54,Elementary
2025-26,Vestal,Whole School,,4,42,Elementary
2025-26,Vestal,Whole School,,5,39,Elementary
2025-26,Whitman,Whole School,,K,33,Elementary
2025-26,Whitman,Whole School,,1,33,Elementary
2025-26,Whitman,Whole School,,2,39,Elementary
2025-26,Whitman,Whole School,,3,28,Elementary
2025-26,Whitman,Whole School,,4,32,Elementary
2025-26,Whitman,Whole School,,5,29,Elementary
2025-26,Winterhaven,Whole School,,K,24,Elementary
2025-26,Winterhaven,Whole School,,1,25,Elementary
2025-26,Winterhaven,Whole School,,2,29,Elementary
2025-26,Winterhaven,Whole School,,3,29,Elementary
2025-26,Winterhaven,Whole School,,4,30,Elementary
2025-26,Winterhaven,Whole School,,5,29,Elementary
2025-26,Winterhaven,Whole School,,6,51,Elementary
2025-26,Winterhaven,Whole School,,7,50,Elementary
2025-26,Winterhaven,Whole School,,8,49,Elementary
2025-26,Woodlawn,Whole School,,K,48,Elementary
2025-26,Woodlawn,Whole School,,1,55,Elementary
2025-26,Woodlawn,Whole School,,2,62,Elementary
2025-26,Woodlawn,Whole School,,3,37,Elementary
2025-26,Woodlawn,Whole School,,4,71,Elementary
2025-26,Woodlawn,Whole School,,5,50,Elementary
2025-26,Woodmere,Whole School,,K,31,Elementary
2025-26,Woodmere,Whole School,,1,42,Elementary
2025-26,Woodmere,Whole School,,2,37,Elementary
2025-26,Woodmere,Whole School,,3,42,Elementary
2025-26,Woodmere,Whole School,,4,37,Elementary
2025-26,Woodmere,Whole School,,5,38,Elementary
2025-26,Woodstock,Mandarin Immersion,Mandarin,K,37,Elementary
2025-26,Woodstock,Mandarin Immersion,Mandarin,1,28,Elementary
2025-26,Woodstock,Mandarin Immersion,Mandarin,2,42,Elementary
2025-26,Woodstock,Mandarin Immersion,Mandarin,3,27,Elementary
2025-26,Woodstock,Mandarin Immersion,Mandarin,4,29,Elementary
2025-26,Woodstock,Mandarin Immersion,Mandarin,5,27,Elementary
2025-26,Woodstock,Neighborhood Program,,K,32,Elementary
2025-26,Woodstock,Neighborhood Program,,1,23,Elementary
2025-26,Woodstock,Neighborhood Program,,2,23,Elementary
2025-26,Woodstock,Neighborhood Program,,3,26,Elementary
2025-26,Woodstock,Neighborhood Program,,4,39,Elementary
2025-26,Woodstock,Neighborhood Program,,5,34,Elementary
2025-26,Beaumont,Spanish Immersion,Spanish,6,39,Middle
2025-26,Beaumont,Spanish Immersion,Spanish,7,29,Middle
2025-26,Beaumont,Spanish Immersion,Spanish,8,33,Middle
2025-26,Beaumont,Neighborhood Program,,6,99,Middle
2025-26,Beaumont,Neighborhood Program,,7,115,Middle
2025-26,Beaumont,Neighborhood Program,,8,101,Middle
2025-26,da Vinci,Whole School,,6,144,Middle
2025-26,da Vinci,Whole School,,7,145,Middle
2025-26,da Vinci,Whole School,,8,140,Middle
2025-26,George,Spanish Immersion,Spanish,6,39,Middle
2025-26,George,Spanish Immersion,Spanish,7,41,Middle
2025-26,George,Spanish Immersion,Spanish,8,29,Middle
2025-26,George,Neighborhood Program,,6,80,Middle
2025-26,George,Neighborhood Program,,7,92,Middle
2025-26,George,Neighborhood Program,,8,77,Middle
2025-26,Gray,Whole School,,6,156,Middle
2025-26,Gray,Whole School,,7,135,Middle
2025-26,Gray,Whole School,,8,141,Middle
2025-26,Harriet Tubman,Mandarin Immersion,Mandarin,6,18,Middle
2025-26,Harriet Tubman,Mandarin Immersion,Mandarin,7,17,Middle
2025-26,Harriet Tubman,Mandarin Immersion,Mandarin,8,13,Middle
2025-26,Harriet Tubman,Neighborhood Program,,6,146,Middle
2025-26,Harriet Tubman,Neighborhood Program,,7,106,Middle
2025-26,Harriet Tubman,Neighborhood Program,,8,102,Middle
2025-26,Harrison Park,Mandarin Immersion,Mandarin,6,37,Middle
2025-26,Harrison Park,Mandarin Immersion,Mandarin,7,45,Middle
2025-26,Harrison Park,Mandarin Immersion,Mandarin,8,29,Middle
2025-26,Harrison Park,Neighborhood Program,,6,107,Middle
2025-26,Harrison Park,Neighborhood Program,,7,104,Middle
2025-26,Harrison Park,Neighborhood Program,,8,97,Middle
2025-26,Hosford,Whole School,,6,166,Middle
2025-26,Hosford,Whole School,,7,184,Middle
2025-26,Hosford,Whole School,,8,178,Middle
2025-26,Jackson,Whole School,,6,225,Middle
2025-26,Jackson,Whole School,,7,242,Middle
2025-26,Jackson,Whole School,,8,222,Middle
2025-26,Kellogg,Spanish Immersion,Spanish,6,66,Middle
2025-26,Kellogg,Spanish Immersion,Spanish,7,61,Middle
2025-26,Kellogg,Spanish Immersion,Spanish,8,74,Middle
2025-26,Kellogg,Neighborhood Program,,6,100,Middle
2025-26,Kellogg,Neighborhood Program,,7,109,Middle
2025-26,Kellogg,Neighborhood Program,,8,121,Middle
2025-26,Lane,Russian Immersion,Russian,6,12,Middle
2025-26,Lane,Russian Immersion,Russian,7,17,Middle
2025-26,Lane,Russian Immersion,Russian,8,7,Middle
2025-26,Lane,Neighborhood Program,,6,135,Middle
2025-26,Lane,Neighborhood Program,,7,131,Middle
2025-26,Lane,Neighborhood Program,,8,145,Middle
2025-26,Mt Tabor,Japanese Immersion,Japanese,6,73,Middle
2025-26,Mt Tabor,Japanese Immersion,Japanese,7,72,Middle
2025-26,Mt Tabor,Japanese Immersion,Japanese,8,77,Middle
2025-26,Mt Tabor,Neighborhood Program,,6,68,Middle
2025-26,Mt Tabor,Neighborhood Program,,7,68,Middle
2025-26,Mt Tabor,Neighborhood Program,,8,72,Middle
2025-26,Ockley Green,Spanish Immersion,Spanish,6,24,Middle
2025-26,Ockley Green,Spanish Immersion,Spanish,7,21,Middle
2025-26,Ockley Green,Spanish Immersion,Spanish,8,18,Middle
2025-26,Ockley Green,Neighborhood Program,,6,144,Middle
2025-26,Ockley Green,Neighborhood Program,,7,126,Middle
2025-26,Ockley Green,Neighborhood Program,,8,127,Middle
2025-26,Roseway Heights,Spanish Immersion,Spanish,6,32,Middle
2025-26,Roseway Heights,Spanish Immersion,Spanish,7,31,Middle
2025-26,Roseway Heights,Spanish Immersion,Spanish,8,30,Middle
2025-26,Roseway Heights,Vietnamese Immersion,Vietnamese,6,28,Middle
2025-26,Roseway Heights,Vietnamese Immersion,Vietnamese,7,22,Middle
2025-26,Roseway Heights,Vietnamese Immersion,Vietnamese,8,14,Middle
2025-26,Roseway Heights,Neighborhood Program,,6,147,Middle
2025-26,Roseway Heights,Neighborhood Program,,7,135,Middle
2025-26,Roseway Heights,Neighborhood Program,,8,133,Middle
2025-26,Sellwood,Whole School,,6,187,Middle
2025-26,Sellwood,Whole School,,7,194,Middle
2025-26,Sellwood,Whole School,,8,183,Middle
2025-26,West Sylvan,Spanish Immersion,Spanish,6,44,Middle
2025-26,West Sylvan,Spanish Immersion,Spanish,7,28,Middle
2025-26,West Sylvan,Spanish Immersion,Spanish,8,44,Middle
2025-26,West Sylvan,Neighborhood Program,,6,209,Middle
2025-26,West Sylvan,Neighborhood Program,,7,167,Middle
2025-26,West Sylvan,Neighborhood Program,,8,191,Middle
2025-26,Benson,Whole School,,9,328,High
2025-26,Benson,Whole School,,10,303,High
2025-26,Benson,Whole School,,11,203,High
2025-26,Benson,Whole School,,12,191,High
2025-26,Cleveland,Mandarin Immersion,Mandarin,9,22,High
2025-26,Cleveland,Mandarin Immersion,Mandarin,10,22,High
2025-26,Cleveland,Mandarin Immersion,Mandarin,11,33,High
2025-26,Cleveland,Mandarin Immersion,Mandarin,12,38,High
2025-26,Cleveland,Neighborhood Program,,9,379,High
2025-26,Cleveland,Neighborhood Program,,10,317,High
2025-26,Cleveland,Neighborhood Program,,11,306,High
2025-26,Cleveland,Neighborhood Program,,12,334,High
2025-26,Franklin,Russian Immersion,Russian,9,4,High
2025-26,Franklin,Russian Immersion,Russian,10,8,High
2025-26,Franklin,Russian Immersion,Russian,11,8,High
2025-26,Franklin,Russian Immersion,Russian,12,9,High
2025-26,Franklin,Spanish Immersion,Spanish,9,54,High
2025-26,Franklin,Spanish Immersion,Spanish,10,44,High
2025-26,Franklin,Spanish Immersion,Spanish,11,43,High
2025-26,Franklin,Spanish Immersion,Spanish,12,32,High
2025-26,Franklin,Neighborhood Program,,9,403,High
2025-26,Franklin,Neighborhood Program,,10,417,High
2025-26,Franklin,Neighborhood Program,,11,371,High
2025-26,Franklin,Neighborhood Program,,12,387,High
2025-26,Grant,Japanese Immersion,Japanese,9,68,High
2025-26,Grant,Japanese Immersion,Japanese,10,69,High
2025-26,Grant,Japanese Immersion,Japanese,11,63,High
2025-26,Grant,Japanese Immersion,Japanese,12,65,High
2025-26,Grant,Neighborhood Program,,9,453,High
2025-26,Grant,Neighborhood Program,,10,445,High
2025-26,Grant,Neighborhood Program,,11,451,High
2025-26,Grant,Neighborhood Program,,12,460,High
2025-26,Ida B. Wells-Barnett,Whole School,,9,416,High
2025-26,Ida B. Wells-Barnett,Whole School,,10,413,High
2025-26,Ida B. Wells-Barnett,Whole School,,11,392,High
2025-26,Ida B. Wells-Barnett,Whole School,,12,353,High
2025-26,Jefferson,Mandarin Immersion,Mandarin,9,2,High
2025-26,Jefferson,Mandarin Immersion,Mandarin,10,1,High
2025-26,Jefferson,Mandarin Immersion,Mandarin,11,3,High
2025-26,Jefferson,Mandarin Immersion,Mandarin,12,8,High
2025-26,Jefferson,Neighborhood Program,,9,94,High
2025-26,Jefferson,Neighborhood Program,,10,89,High
2025-26,Jefferson,Neighborhood Program,,11,98,High
2025-26,Jefferson,Neighborhood Program,,12,96,High
2025-26,Lincoln,Spanish Immersion,Spanish,9,50,High
2025-26,Lincoln,Spanish Immersion,Spanish,10,44,High
2025-26,Lincoln,Spanish Immersion,Spanish,11,46,High
2025-26,Lincoln,Spanish Immersion,Spanish,12,38,High
2025-26,Lincoln,Neighborhood Program,,9,364,High
2025-26,Lincoln,Neighborhood Program,,10,382,High
2025-26,Lincoln,Neighborhood Program,,11,376,High
2025-26,Lincoln,Neighborhood Program,,12,347,High
2025-26,McDaniel,Portland International Scholars,,9,19,High
2025-26,McDaniel,Portland International Scholars,,10,19,High
2025-26,McDaniel,Portland International Scholars,,11,17,High
2025-26,McDaniel,Portland International Scholars,,12,10,High
2025-26,McDaniel,Spanish Immersion,Spanish,9,54,High
2025-26,McDaniel,Spanish Immersion,Spanish,10,51,High
2025-26,McDaniel,Spanish Immersion,Spanish,11,56,High
2025-26,McDaniel,Spanish Immersion,Spanish,12,44,High
2025-26,McDaniel,Vietnamese Immersion,Vietnamese,9,12,High
2025-26,McDaniel,Vietnamese Immersion,Vietnamese,10,10,High
2025-26,McDaniel,Vietnamese Immersion,Vietnamese,11,12,High
2025-26,McDaniel,Neighborhood Program,,9,334,High
2025-26,McDaniel,Neighborhood Program,,10,324,High
2025-26,McDaniel,Neighborhood Program,,11,324,High
2025-26,McDaniel,Neighborhood Program,,12,343,High
2025-26,Roosevelt,Portland International Scholars,,9,13,High
2025-26,Roosevelt,Portland International Scholars,,10,13,High
2025-26,Roosevelt,Portland International Scholars,,11,9,High
2025-26,Roosevelt,Portland International Scholars,,12,3,High
2025-26,Roosevelt,Spanish Immersion,Spanish,9,64,High
2025-26,Roosevelt,Spanish Immersion,Spanish,10,79,High
2025-26,Roosevelt,Spanish Immersion,Spanish,11,77,High
2025-26,Roosevelt,Spanish Immersion,Spanish,12,79,High
2025-26,Roosevelt,Neighborhood Program,,9,280,High
2025-26,Roosevelt,Neighborhood Program,,10,262,High
2025-26,Roosevelt,Neighborhood Program,,11,237,High
2025-26,Roosevelt,Neighborhood Program,,12,303,High
2025-26,ACCESS,Whole School,,2,20,Alternative
2025-26,ACCESS,Whole School,,3,43,Alternative
2025-26,ACCESS,Whole School,,4,49,Alternative
2025-26,ACCESS,Whole School,,5,50,Alternative
2025-26,ACCESS,Whole School,,6,55,Alternative
2025-26,ACCESS,Whole School,,7,52,Alternative
2025-26,ACCESS,Whole School,,8,55,Alternative
2025-26,Alliance,Alliance - Alder,,9,7,Alternative
2025-26,Alliance,Alliance - Alder,,10,18,Alternative
2025-26,Alliance,Alliance - Alder,,11,43,Alternative
2025-26,Alliance,Alliance - Alder,,12,62,Alternative
2025-26,Alliance,Alliance - Cedar,,9,1,Alternative
2025-26,Alliance,Alliance - Cedar,,10,3,Alternative
2025-26,Alliance,Alliance - Cedar,,11,9,Alternative
2025-26,Alliance,Alliance - Cedar,,12,74,Alternative
2025-26,Head Start Early Childhood Ed,Whole School,,PK,857,Alternative
2025-26,Metro. Learning Center,Metro. Learning Center,,K,12,Alternative
2025-26,Metro. Learning Center,Metro. Learning Center,,1,15,Alternative
2025-26,Metro. Learning Center,Metro. Learning Center,,2,14,Alternative
2025-26,Metro. Learning Center,Metro. Learning Center,,3,15,Alternative
2025-26,Metro. Learning Center,Metro. Learning Center,,4,22,Alternative
2025-26,Metro. Learning Center,Metro. Learning Center,,5,23,Alternative
2025-26,Metro. Learning Center,Metro. Learning Center,,6,42,Alternative
2025-26,Metro. Learning Center,Metro. Learning Center,,7,49,Alternative
2025-26,Metro. Learning Center,Metro. Learning Center,,8,43,Alternative
2025-26,Metro. Learning Center,Metro. Learning Center,,9,9,Alternative
2025-26,Metro. Learning Center,Metro. Learning Center,,10,7,Alternative
2025-26,Metro. Learning Center,Metro. Learning Center,,11,16,Alternative
2025-26,Metro. Learning Center,Metro. Learning Center,,12,8,Alternative
2025-26,Mt Scott Learning Center,Whole School,,9,11,CBO
2025-26,Mt Scott Learning Center,Whole School,,10,15,CBO
2025-26,Mt Scott Learning Center,Whole School,,11,30,CBO
2025-26,Mt Scott Learning Center,Whole School,,12,28,CBO
2025-26,NAYA Many Nations Academy,Whole School,,9,6,CBO
2025-26,NAYA Many Nations Academy,Whole School,,10,8,CBO
2025-26,NAYA Many Nations Academy,Whole School,,11,18,CBO
2025-26,NAYA Many Nations Academy,Whole School,,12,23,CBO
2025-26,PCC,P.C.C. H.S. Completion,,10,4,CBO
2025-26,PCC,P.C.C. H.S. Completion,,11,36,CBO
2025-26,PCC,P.C.C. H.S. Completion,,12,167,CBO
2025-26,PCC,P.C.C. YES!,,11,17,CBO
2025-26,PCC,P.C.C. YES!,,12,175,CBO
2025-26,Rosemary Anderson,RA Prep Lents,,9,6,CBO
2025-26,Rosemary Anderson,RA Prep Lents,,10,6,CBO
2025-26,Rosemary Anderson,RA Prep Lents,,11,19,CBO
2025-26,Rosemary Anderson,RA Prep Lents,,12,29,CBO
2025-26,Rosemary Anderson,RA Prep Middle School,,6,1,CBO
2025-26,Rosemary Anderson,RA Prep Middle School,,7,3,CBO
2025-26,Rosemary Anderson,RA Prep Middle School,,8,9,CBO
2025-26,Rosemary Anderson,RA Prep North,,9,7,CBO
2025-26,Rosemary Anderson,RA Prep North,,10,10,CBO
2025-26,Rosemary Anderson,RA Prep North,,11,34,CBO
2025-26,Rosemary Anderson,RA Prep North,,12,69,CBO
2025-26,Youth Builders,Whole School,,12,6,CBO
2025-26,Youth Progress Association,Whole School,,8,1,CBO
2025-26,Youth Progress Association,Whole School,,11,1,CBO
2025-26,Youth Progress Association,Whole School,,12,1,CBO
2025-26,CTC Northeast,Whole School,,12,41,Special Services
2025-26,CTC Southeast,Whole School,,12,88,Special Services
2025-26,DART Programs,Counterpoint,,8,1,Special Services
2025-26,DART Programs,Counterpoint,,9,2,Special Services
2025-26,DART Programs,Counterpoint,,10,3,Special Services
2025-26,DART Programs,Counterpoint,,12,3,Special Services
2025-26,DART Programs,Edwards,,1,2,Special Services
2025-26,DART Programs,Edwards,,3,3,Special Services
2025-26,DART Programs,Edwards,,4,2,Special Services
2025-26,DART Programs,Edwards,,6,2,Special Services
2025-26,DART Programs,Edwards,,7,3,Special Services
2025-26,DART Programs,Edwards,,8,3,Special Services
2025-26,DART Programs,Edwards,,9,1,Special Services
2025-26,DART Programs,Edwards,,10,2,Special Services
2025-26,DART Programs,Edwards,,11,1,Special Services
2025-26,DART Programs,Kuumba School,,11,1,Special Services
2025-26,DART Programs,SAGE,,9,3,Special Services
2025-26,DART Programs,SAGE,,10,1,Special Services
2025-26,DART Programs,SAGE,,11,5,Special Services
2025-26,DART Programs,SAGE,,12,1,Special Services
2025-26,DART Programs,Souther School,,2,2,Special Services
2025-26,DART Programs,Souther School,,3,1,Special Services
2025-26,DART Programs,Souther School,,4,3,Special Services
2025-26,DART Programs,Souther School,,5,4,Special Services
2025-26,DART Programs,Souther School,,6,5,Special Services
2025-26,DART Programs,Souther School,,7,2,Special Services
2025-26,DART Programs,Souther School,,8,6,Special Services
2025-26,DART Programs,Souther School,,9,5,Special Services
2025-26,DART Programs,Souther School,,10,8,Special Services
2025-26,DART Programs,Souther School,,11,4,Special Services
2025-26,DART Programs,Souther School,,12,3,Special Services
2025-26,PPS Pioneer Programs,Pioneer 5-8 Youngson,,6,6,Special Services
2025-26,PPS Pioneer Programs,Pioneer 5-8 Youngson,,7,4,Special Services
2025-26,PPS Pioneer Programs,Pioneer 5-8 Youngson,,8,10,Special Services
2025-26,PPS Pioneer Programs,Pioneer H.S.,,9,7,Special Services
2025-26,PPS Pioneer Programs,Pioneer H.S.,,10,2,Special Services
2025-26,PPS Pioneer Programs,Pioneer H.S.,,11,4,Special Services
2025-26,PPS Pioneer Programs,Pioneer H.S.,,12,6,Special Services
2025-26,PPS Pioneer Programs,Pioneer K-6 Holladay Center,,1,3,Special Services
2025-26,PPS Pioneer Programs,Pioneer K-6 Holladay Center,,2,3,Special Services
2025-26,PPS Pioneer Programs,Pioneer K-6 Holladay Center,,3,1,Special Services
2025-26,PPS Pioneer Programs,Pioneer K-6 Holladay Center,,4,9,Special Services
2025-26,PPS Pioneer Programs,Pioneer K-6 Holladay Center,,5,8,Special Services
2025-26,Providence Hospital,Whole School,,1,2,Special Services
2025-26,Providence Hospital,Whole School,,2,1,Special Services
2025-26,Providence Hospital,Whole School,,3,1,Special Services
2025-26,Providence Hospital,Whole School,,5,2,Special Services
2025-26,Providence Hospital,Whole School,,6,1,Special Services
2025-26,Providence Hospital,Whole School,,10,1,Special Services
2025-26,Providence Hospital,Whole School,,11,1,Special Services
2025-26,Providence Hospital,Whole School,,12,4,Special Services
2025-26,Serendipity,Whole School,,8,1,Special Services
2025-26,Serendipity,Whole School,,9,2,Special Services
2025-26,Serendipity,Whole School,,12,1,Special Services
2025-26,Special Education Instruction,Whole School,,K,3,Special Services
2025-26,Special Education Instruction,Whole School,,1,4,Special Services
2025-26,Special Education Instruction,Whole School,,2,11,Special Services
2025-26,Special Education Instruction,Whole School,,3,12,Special Services
2025-26,Special Education Instruction,Whole School,,4,8,Special Services
2025-26,Special Education Instruction,Whole School,,5,5,Special Services
2025-26,Special Education Instruction,Whole School,,6,2,Special Services
2025-26,Special Education Instruction,Whole School,,7,2,Special Services
2025-26,Special Education Instruction,Whole School,,8,3,Special Services
2025-26,Special Education Instruction,Whole School,,10,1,Special Services
2025-26,Arthur Academy,Whole School,,K,30,Charter
2025-26,Arthur Academy,Whole School,,1,29,Charter
2025-26,Arthur Academy,Whole School,,2,29,Charter
2025-26,Arthur Academy,Whole School,,3,26,Charter
2025-26,Arthur Academy,Whole School,,4,26,Charter
2025-26,Arthur Academy,Whole School,,5,27,Charter
2025-26,Emerson School,Whole School,,K,23,Charter
2025-26,Emerson School,Whole School,,1,23,Charter
2025-26,Emerson School,Whole School,,2,28,Charter
2025-26,Emerson School,Whole School,,3,19,Charter
2025-26,Emerson School,Whole School,,4,28,Charter
2025-26,Emerson School,Whole School,,5,18,Charter
2025-26,Kairos PDX,Whole School,,K,29,Charter
2025-26,Kairos PDX,Whole School,,1,38,Charter
2025-26,Kairos PDX,Whole School,,2,22,Charter
2025-26,Kairos PDX,Whole School,,3,26,Charter
2025-26,Kairos PDX,Whole School,,4,37,Charter
2025-26,Kairos PDX,Whole School,,5,26,Charter
2025-26,Le Monde,Whole School,,K,48,Charter
2025-26,Le Monde,Whole School,,1,48,Charter
2025-26,Le Monde,Whole School,,2,48,Charter
2025-26,Le Monde,Whole School,,3,46,Charter
2025-26,Le Monde,Whole School,,4,48,Charter
2025-26,Le Monde,Whole School,,5,42,Charter
2025-26,Le Monde,Whole School,,6,38,Charter
2025-26,Le Monde,Whole School,,7,36,Charter
2025-26,Le Monde,Whole School,,8,31,Charter
2025-26,Portland Village School,Whole School,,K,48,Charter
2025-26,Portland Village School,Whole School,,1,51,Charter
2025-26,Portland Village School,Whole School,,2,51,Charter
2025-26,Portland Village School,Whole School,,3,52,Charter
2025-26,Portland Village School,Whole School,,4,45,Charter
2025-26,Portland Village School,Whole School,,5,53,Charter
2025-26,Portland Village School,Whole School,,6,49,Charter
2025-26,Portland Village School,Whole School,,7,35,Charter
2025-26,Portland Village School,Whole School,,8,50,Charter
