move,language,scenario,year,program,to_sq,to_opt,joined,followed,from_opt,from_other,stayed_n,stayed
Atkinson → Lent,Spanish,a,2027-28,182,256,401,145,0.7967032967032966,NA,NA,NA,NA
Atkinson → Lent,Spanish,a,2028-29,187,268,417,149,0.7967914438502673,NA,NA,NA,NA
Atkinson → Lent,Spanish,a,2029-30,190,271,424,153,0.8052631578947368,NA,NA,NA,NA
Atkinson → Lent,Spanish,a,2030-31,183,283,430,147,0.8032786885245902,NA,NA,NA,NA
Atkinson → Lent,Spanish,a,2031-32,183,274,421,147,0.8032786885245902,NA,NA,NA,NA
Scott → Rigler,Spanish,b,2027-28,223,306,487,181,0.8116591928251121,326,277,49,0.21973094170403587
Scott → Rigler,Spanish,b,2028-29,227,329,515,186,0.8193832599118943,313,263,50,0.22026431718061673
Scott → Rigler,Spanish,b,2029-30,223,326,510,184,0.8251121076233184,312,262,50,0.2242152466367713
Scott → Rigler,Spanish,b,2030-31,223,320,504,184,0.8251121076233184,304,253,51,0.22869955156950672
Scott → Rigler,Spanish,b,2031-32,223,321,505,184,0.8251121076233184,301,247,54,0.242152466367713
Clark → Woodstock,Mandarin,a,2027-28,100,342,426,84,0.84,276,260,16,0.16
Clark → Woodstock,Mandarin,a,2028-29,94,344,425,81,0.8617021276595744,277,261,16,0.1702127659574468
Clark → Woodstock,Mandarin,a,2029-30,93,337,419,82,0.8817204301075269,279,263,16,0.17204301075268819
Clark → Woodstock,Mandarin,a,2030-31,92,336,419,83,0.9021739130434783,275,258,17,0.18478260869565216
Clark → Woodstock,Mandarin,a,2031-32,87,325,406,81,0.9310344827586207,272,256,16,0.1839080459770115
