scenario,language,band,from_school,to_school,students,own_area,out_of_district,before_mi,after_mi,before_mi_nearer,after_mi_nearer,model_before_mi,model_after_mi,moving,change_mi,change_mi_nearer,model_change_mi
a,Spanish,K-5,Scott,Rigler,222,182,6,0.7491030619999158,1.068087278398135,0.5462477453054175,0.867320158176745,1.0111365758179027,1.3913948788469894,222,0.31898421639821917,0.3210724128713275,0.3802583030290867
a,Spanish,6-8,Beaumont,Roseway Heights,101,74,4,0.9244586665632292,1.951122309220518,0.5974748518379909,1.7190506831994978,1.244501089588398,2.3541159765160296,101,1.0266636426572888,1.121575831361507,1.1096148869276317
a,Mandarin,K-5,Clark,Woodstock,91,71,10,1.0314456552046525,2.515054571276649,0.6419628182249202,2.662415640091302,1.695939365762085,3.202971428145378,91,1.4836089160719967,2.0204528218663818,1.5070320623832931
a,Spanish,K-5,Atkinson,Lent,178,60,11,1.4933831819956638,2.541899287157487,0.9925163101876956,2.6251186411533647,1.6555839330479594,3.099295495479336,178,1.0485161051618233,1.632602330965669,1.4437115624313765
a,Spanish,K-5,Beach,César Chávez,155,73,0,1.353943168740832,2.7483356579869724,0.9580821139363994,2.5491452693487053,1.3480404246789943,3.1152909171727696,155,1.3943924892461403,1.5910631554123058,1.7672504924937753
a,Spanish,K-5,James John,César Chávez,133,96,1,1.089891646991967,1.3741978309310383,0.7336366797537384,1.5878980740332036,1.8426345908164272,2.56792079152724,133,0.28430618393907126,0.8542613942794652,0.725286200710813
a,Spanish,K-5,Sitton,César Chávez,138,118,0,0.7423505808544986,1.8282174061456729,0.4967327204363297,1.9970351720089705,0.8651600439959838,2.5977037288258713,138,1.0858668252911743,1.5003024515726409,1.7325436848298876
a,Spanish,6-8,Ockley Green,George,63,52,0,1.0817662420311067,3.399889990183551,0.7318095906343128,3.445082676452124,1.5202498837901712,4.199473214303666,63,2.3181237481524444,2.713273085817811,2.6792233305134943
a,Mandarin,K-5,MLK Jr.,Boise-Eliot/Humboldt,193,41,10,1.5967587607535463,2.016769736871276,1.1490157125890348,1.6697385537373195,2.677554044264296,2.696217388158096,193,0.42001097611772975,0.5207228411482847,0.0186633438938002
a,Vietnamese,K-5,Rose City Park,Vestal,207,69,36,1.6533410538971494,2.044090274369995,1.1813323862217464,1.8637397321270595,4.205454349140026,4.6961728434627155,207,0.39074922047284555,0.682407345905313,0.49071849432268966
a,Spanish,6-8,César Chávez,George,300,115,1,1.1427304534792724,1.4300613513912788,0.7783106116984086,1.430172728033663,0.7181298213712349,1.4436917670378602,105,0.2873308979120064,0.6518621163352543,0.7255619456666252
b,Spanish,K-5,Scott,Rigler,222,182,6,0.7491030619999158,1.068087278398135,0.5462477453054175,0.867320158176745,1.0111365758179027,1.3913948788469894,222,0.31898421639821917,0.3210724128713275,0.3802583030290867
b,Spanish,6-8,Beaumont,Roseway Heights,101,74,4,0.9244586665632292,1.951122309220518,0.5974748518379909,1.7190506831994978,1.244501089588398,2.3541159765160296,101,1.0266636426572888,1.121575831361507,1.1096148869276317
b,Mandarin,K-5,Clark,Woodstock,91,71,10,1.0314456552046525,2.515054571276649,0.6419628182249202,2.662415640091302,1.695939365762085,3.202971428145378,91,1.4836089160719967,2.0204528218663818,1.5070320623832931
b,Spanish,K-5,Atkinson,Lent,178,60,11,1.4933831819956638,2.541899287157487,0.9925163101876956,2.6251186411533647,1.6555839330479594,3.099295495479336,178,1.0485161051618233,1.632602330965669,1.4437115624313765
b,Spanish,K-5,Beach,César Chávez,155,73,0,1.353943168740832,2.7483356579869724,0.9580821139363994,2.5491452693487053,1.3480404246789943,3.1152909171727696,155,1.3943924892461403,1.5910631554123058,1.7672504924937753
b,Spanish,K-5,James John,César Chávez,133,96,1,1.089891646991967,1.3741978309310383,0.7336366797537384,1.5878980740332036,1.8426345908164272,2.56792079152724,133,0.28430618393907126,0.8542613942794652,0.725286200710813
b,Spanish,K-5,Sitton,César Chávez,138,118,0,0.7423505808544986,1.8282174061456729,0.4967327204363297,1.9970351720089705,0.8651600439959838,2.5977037288258713,138,1.0858668252911743,1.5003024515726409,1.7325436848298876
b,Spanish,6-8,Ockley Green,George,63,52,0,1.0817662420311067,3.399889990183551,0.7318095906343128,3.445082676452124,1.5202498837901712,4.199473214303666,63,2.3181237481524444,2.713273085817811,2.6792233305134943
b,Mandarin,K-5,MLK Jr.,Boise-Eliot/Humboldt,193,41,10,1.5967587607535463,2.016769736871276,1.1490157125890348,1.6697385537373195,2.677554044264296,2.696217388158096,193,0.42001097611772975,0.5207228411482847,0.0186633438938002
b,Spanish,6-8,César Chávez,George,300,115,1,1.1427304534792724,1.4300613513912788,0.7783106116984086,1.430172728033663,0.7181298213712349,1.4436917670378602,105,0.2873308979120064,0.6518621163352543,0.7255619456666252
