scenario,type,language,band,from_school,to_school,children,before_mi,after_mi,before_mi_spanish,after_mi_spanish,change_mi
a,Immersion program moves,Spanish,K-5,Scott,Rigler,4948,1.0111365758179027,1.3913948788469894,0.613289227071906,0.9919824496149462,0.3802583030290867
a,Immersion program moves,Spanish,6-8,Beaumont,Roseway Heights,13847,1.244501089588398,2.3541159765160296,1.29113142780571,2.2784039097346396,1.1096148869276317
a,Immersion program moves,Mandarin,K-5,Clark,Woodstock,12556,1.695939365762085,3.202971428145378,NA,NA,1.5070320623832931
a,Immersion program moves,Spanish,K-5,Atkinson,Lent,20610,1.6555839330479594,3.099295495479336,1.4516430592344876,2.613640324221065,1.4437115624313765
a,Immersion program moves,Spanish,K-5,Beach,César Chávez,10206,1.3480404246789945,3.1152909171727696,1.9916150331659899,3.2365555998940376,1.767250492493775
a,Immersion program moves,Spanish,K-5,James John,César Chávez,3188,1.8426345908164274,2.56792079152724,1.1301304866112296,1.855361013432183,0.7252862007108127
a,Immersion program moves,Spanish,K-5,Sitton,César Chávez,1448,0.8651600439959838,2.5977037288258713,0.4153305832560062,2.0606337540989528,1.7325436848298876
a,Immersion program moves,Spanish,6-8,Ockley Green,George,11550,1.5202498837901712,4.199473214303666,1.9374545710136502,4.171681942056318,2.6792233305134943
a,Immersion program moves,Mandarin,K-5,MLK Jr.,Boise-Eliot/Humboldt,37224,2.677554044264296,2.6962173881580958,NA,NA,0.018663343893799755
a,Immersion program moves,Vietnamese,K-5,Rose City Park,Vestal,81412,4.205454349140026,4.6961728434627155,NA,NA,0.49071849432268966
a,Immersion program moves,Spanish,6-8,César Chávez,George,4238,0.7181298213712349,1.4436917670378602,0.7594010808676306,1.4597874027356879,0.7255619456666252
b,Immersion program moves,Spanish,K-5,Scott,Rigler,4948,1.0111365758179027,1.3913948788469894,0.613289227071906,0.9919824496149462,0.3802583030290867
b,Immersion program moves,Spanish,6-8,Beaumont,Roseway Heights,13847,1.244501089588398,2.3541159765160296,1.29113142780571,2.2784039097346396,1.1096148869276317
b,Immersion program moves,Mandarin,K-5,Clark,Woodstock,12556,1.695939365762085,3.202971428145378,NA,NA,1.5070320623832931
b,Immersion program moves,Spanish,K-5,Atkinson,Lent,20610,1.6555839330479594,3.099295495479336,1.4516430592344876,2.613640324221065,1.4437115624313765
b,Immersion program moves,Spanish,K-5,Beach,César Chávez,10206,1.3480404246789945,3.1152909171727696,1.9916150331659899,3.2365555998940376,1.767250492493775
b,Immersion program moves,Spanish,K-5,James John,César Chávez,3188,1.8426345908164274,2.56792079152724,1.1301304866112296,1.855361013432183,0.7252862007108127
b,Immersion program moves,Spanish,K-5,Sitton,César Chávez,1448,0.8651600439959838,2.5977037288258713,0.4153305832560062,2.0606337540989528,1.7325436848298876
b,Immersion program moves,Spanish,6-8,Ockley Green,George,11550,1.5202498837901712,4.199473214303666,1.9374545710136502,4.171681942056318,2.6792233305134943
b,Immersion program moves,Mandarin,K-5,MLK Jr.,Boise-Eliot/Humboldt,37224,2.677554044264296,2.6962173881580958,NA,NA,0.018663343893799755
b,Immersion program moves,Spanish,6-8,César Chávez,George,4238,0.7181298213712349,1.4436917670378602,0.7594010808676306,1.4597874027356879,0.7255619456666252
a,School closures (non-immersion students),NA,K-5,Maplewood,rieke; hayhurst,1608,0.6624280928383679,0.8726349374964768,0.920478228588131,0.9306098182477137,0.2102068446581089
a,School closures (non-immersion students),NA,K-5,Irvington,beverlycleary,1625,0.4094485081712508,0.8960765224138009,0.326004677541273,1.1653747308352715,0.4866280142425501
a,School closures (non-immersion students),NA,K-5,Buckman,sunnysideenvironmental; abernethy,969,0.4819537575426033,1.0505997240800637,0.6961893919338787,1.2682062600885027,0.5686459665374605
a,School closures (non-immersion students),NA,K-5,Creston,atkinson,1330,0.44557985949147655,0.8002360562893164,0.7032239616267392,0.804375839486064,0.35465619679783983
a,School closures (non-immersion students),NA,K-5,Marysville,arleta,1085,0.3642316635353708,0.7717596331961241,0.4613759201605637,0.8895754764728726,0.4075279696607533
a,School closures (non-immersion students),NA,K-5,Woodmere,whitman,1276,0.4358936254274111,0.6543702183942339,0.6802545205248873,0.8895522059904611,0.2184765929668228
a,School closures (non-immersion students),NA,6-8,Sellwood,hosford; brentwood,4615,1.0424329936896086,1.8532374125186788,1.370898714260809,1.2609904017498261,0.8108044188290702
a,School closures (non-immersion students),NA,K-5,Beach,chiefjoseph,1409,0.4472680842758669,1.0048835000853293,0.41841564888996324,1.4044750016472312,0.5576154158094624
a,School closures (non-immersion students),NA,K-5,James John,sitton,1636,0.573737237490536,1.0483080109395717,0.8012233959055637,1.1178079587299286,0.47457077344903575
a,School closures (non-immersion students),NA,K-5,Peninsula,rosaparks,1324,0.44256175804677605,1.003918388303379,0.4744801740074867,0.9574026921506187,0.5613566302566031
a,School closures (non-immersion students),NA,K-5,Sabin,mlkjr,1535,0.36320174072797257,0.7008459809163615,0.4442983132681655,0.4836879639727714,0.33764424018838896
a,School closures (non-immersion students),NA,K-5,Stephenson,markham; capitolhill,1365,0.5964493454846496,1.155437495470683,0.5850414351557854,1.1844296144973978,0.5589881499860334
a,School closures (non-immersion students),NA,K-5,Rose City Park,scott,1508,0.4086964427918333,1.2940101367470163,0.3097977941071439,1.4559958771397987,0.8853136939551829
a,School closures (non-immersion students),NA,K-5,Lewis,duniway,1065,0.32856587048561575,0.7009919181657729,0.34699542142200723,0.6143427162672402,0.37242604768015714
b,School closures (non-immersion students),NA,K-5,Maplewood,rieke; hayhurst,1608,0.6624280928383679,0.8726349374964768,0.920478228588131,0.9306098182477137,0.2102068446581089
b,School closures (non-immersion students),NA,K-5,Irvington,beverlycleary,1625,0.4094485081712508,0.8960765224138009,0.326004677541273,1.1653747308352715,0.4866280142425501
b,School closures (non-immersion students),NA,K-5,Buckman,sunnysideenvironmental; abernethy,969,0.4819537575426033,1.0505997240800637,0.6961893919338787,1.2682062600885027,0.5686459665374605
b,School closures (non-immersion students),NA,K-5,Creston,atkinson,1330,0.44557985949147655,0.8002360562893164,0.7032239616267392,0.804375839486064,0.35465619679783983
b,School closures (non-immersion students),NA,K-5,Marysville,arleta,1085,0.3642316635353708,0.7717596331961241,0.4613759201605637,0.8895754764728726,0.4075279696607533
b,School closures (non-immersion students),NA,K-5,Woodmere,whitman,1276,0.4358936254274111,0.6543702183942339,0.6802545205248873,0.8895522059904611,0.2184765929668228
b,School closures (non-immersion students),NA,6-8,Sellwood,brentwood; hosford,4608,1.043537223571629,1.762152048491331,1.370898714260809,1.2609904017498261,0.718614824919702
b,School closures (non-immersion students),NA,K-5,Beach,chiefjoseph,1409,0.4472680842758669,1.0048835000853293,0.41841564888996324,1.4044750016472312,0.5576154158094624
b,School closures (non-immersion students),NA,K-5,James John,sitton,1636,0.573737237490536,1.0483080109395717,0.8012233959055637,1.1178079587299286,0.47457077344903575
b,School closures (non-immersion students),NA,K-5,Peninsula,rosaparks,1324,0.44256175804677605,1.003918388303379,0.4744801740074867,0.9574026921506187,0.5613566302566031
b,School closures (non-immersion students),NA,K-5,Sabin,mlkjr,1535,0.36320174072797257,0.7008459809163615,0.4442983132681655,0.4836879639727714,0.33764424018838896
