year,group,own_neighborhood_school,other_neighborhood_school,pps_alternative,pps_charter,total,areas,capture,other_neighborhood,alternative
2019-20,"All PPS, K-12",33342,5340,7117,1385,48653,1,0.6853020368733685,0.10975684952623682,0.14628080488356318
2019-20,Lent,337,53,78,18,489,1,0.689161554192229,0.1083844580777096,0.15950920245398773
2019-20,Rest of PPS,12899,1857,2245,902,18018,37,0.7158952158952159,0.10306360306360306,0.12459762459762459
2019-20,Southeast (excluding Lent),4959,564,1231,173,6972,15,0.7112736660929432,0.08089500860585198,0.17656339644291452
2020-21,"All PPS, K-12",31974,5204,7036,1443,46937,1,0.6812109849372563,0.11087201994162388,0.14990306155058908
2020-21,Lent,328,54,74,16,474,1,0.6919831223628692,0.11392405063291139,0.15611814345991562
2020-21,Rest of PPS,11798,1631,2260,926,16658,37,0.7082482891103373,0.09791091367511105,0.13567054868531636
2020-21,Southeast (excluding Lent),4680,549,1178,171,6604,15,0.7086614173228346,0.08313143549364022,0.17837674136886736
2021-22,"All PPS, K-12",30721,4745,7152,1295,45005,1,0.6826130429952227,0.10543272969670037,0.158915676035996
2021-22,Lent,180,32,44,14,271,1,0.6642066420664207,0.11808118081180811,0.16236162361623616
2021-22,Rest of PPS,11068,1405,2397,796,15747,37,0.7028640375944625,0.08922334412904045,0.15221947037530958
2021-22,Southeast (excluding Lent),3903,415,1019,139,5506,15,0.7088630584816564,0.0753723211042499,0.18507083181983291
2022-23,"All PPS, K-12",30997,4574,6794,1294,44798,1,0.6919282110808518,0.10210277244519844,0.151658556185544
2022-23,Lent,169,30,50,19,270,1,0.6259259259259259,0.1111111111111111,0.18518518518518517
2022-23,Rest of PPS,11304,1358,2136,789,15687,37,0.7205966724039014,0.08656849620705043,0.13616370242876266
2022-23,Southeast (excluding Lent),3844,385,1003,131,5397,15,0.7122475449323699,0.07133592736705577,0.18584398740040764
2023-24,"All PPS, K-12",29727,5127,6685,1331,44005,1,0.6755368708101352,0.11650948755823202,0.1519145551641859
2023-24,Lent,76,124,40,15,256,1,0.296875,0.484375,0.15625
2023-24,Rest of PPS,10956,1329,1890,775,15011,37,0.7298647658383852,0.08853507427886216,0.12590766771034576
2023-24,Southeast (excluding Lent),3437,540,1122,145,5267,15,0.6525536358458326,0.10252515663565596,0.21302449212075186
2024-25,"All PPS, K-12",29317,4912,6690,1306,43375,1,0.6758962536023054,0.11324495677233429,0.1542363112391931
2024-25,Lent,71,116,42,16,245,1,0.2897959183673469,0.47346938775510206,0.17142857142857143
2024-25,Rest of PPS,10758,1192,1842,712,14569,37,0.7384171871782552,0.0818175578282655,0.12643283684535658
2024-25,Southeast (excluding Lent),3276,459,1086,158,5000,15,0.6552,0.0918,0.2172
2025-26,"All PPS, K-12",29036,4517,6684,1303,42622,1,0.6812444277603116,0.10597813335835954,0.15682042137863075
2025-26,Lent,80,117,37,19,254,1,0.31496062992125984,0.46062992125984253,0.14566929133858267
2025-26,Rest of PPS,10509,1233,1813,696,14306,37,0.7345868866209981,0.08618761358870404,0.12673004333845939
2025-26,Southeast (excluding Lent),3188,422,1050,162,4844,15,0.6581337737407101,0.08711808422791081,0.21676300578034682
