scenario,language,band,from_school,to_school,students,k_entry,assumption,rate,students_lost,k_lost_per_year
a,Mandarin,K-5,Clark,Woodstock,91,19,7% (figure cited in public comment),0.07,6.370000000000001,1.33
a,Mandarin,K-5,Clark,Woodstock,91,19,Bridger to Lent precedent,0.19786776047051635,18.00596620281699,3.7594874489398107
a,Mandarin,K-5,Clark,Woodstock,91,19,Everyone follows,0,0,0
a,Mandarin,K-5,MLK Jr.,Boise-Eliot/Humboldt,193,48,7% (figure cited in public comment),0.07,13.510000000000002,3.3600000000000003
a,Mandarin,K-5,MLK Jr.,Boise-Eliot/Humboldt,193,48,Bridger to Lent precedent,0.19786776047051635,38.188477770809655,9.497652502584785
a,Mandarin,K-5,MLK Jr.,Boise-Eliot/Humboldt,193,48,Everyone follows,0,0,0
a,Spanish,K-5,Atkinson,Lent,178,27,7% (figure cited in public comment),0.07,12.46,1.8900000000000001
a,Spanish,K-5,Atkinson,Lent,178,27,Bridger to Lent precedent,0.19786776047051635,35.22046136375191,5.3424295327039415
a,Spanish,K-5,Atkinson,Lent,178,27,Everyone follows,0,0,0
a,Spanish,K-5,Beach,César Chávez,155,25,7% (figure cited in public comment),0.07,10.850000000000001,1.7500000000000002
a,Spanish,K-5,Beach,César Chávez,155,25,Bridger to Lent precedent,0.19786776047051635,30.669502872930035,4.946694011762909
a,Spanish,K-5,Beach,César Chávez,155,25,Everyone follows,0,0,0
a,Spanish,K-5,James John,César Chávez,133,20,7% (figure cited in public comment),0.07,9.31,1.4000000000000001
a,Spanish,K-5,James John,César Chávez,133,20,Bridger to Lent precedent,0.19786776047051635,26.316412142578674,3.957355209410327
a,Spanish,K-5,James John,César Chávez,133,20,Everyone follows,0,0,0
a,Spanish,K-5,Scott,Rigler,222,39,7% (figure cited in public comment),0.07,15.540000000000001,2.7300000000000004
a,Spanish,K-5,Scott,Rigler,222,39,Bridger to Lent precedent,0.19786776047051635,43.92664282445463,7.716842658350138
a,Spanish,K-5,Scott,Rigler,222,39,Everyone follows,0,0,0
a,Spanish,K-5,Sitton,César Chávez,138,21,7% (figure cited in public comment),0.07,9.66,1.4700000000000002
a,Spanish,K-5,Sitton,César Chávez,138,21,Bridger to Lent precedent,0.19786776047051635,27.305750944931255,4.155222969880843
a,Spanish,K-5,Sitton,César Chávez,138,21,Everyone follows,0,0,0
a,Spanish,6-8,Beaumont,Roseway Heights,101,NA,7% (figure cited in public comment),0.07,7.07,NA
a,Spanish,6-8,Beaumont,Roseway Heights,101,NA,Bridger to Lent precedent,0.19786776047051635,19.98464380752215,NA
a,Spanish,6-8,Beaumont,Roseway Heights,101,NA,Everyone follows,0,0,NA
a,Spanish,6-8,Ockley Green,George,63,NA,7% (figure cited in public comment),0.07,4.41,NA
a,Spanish,6-8,Ockley Green,George,63,NA,Bridger to Lent precedent,0.19786776047051635,12.465668909642531,NA
a,Spanish,6-8,Ockley Green,George,63,NA,Everyone follows,0,0,NA
a,Vietnamese,K-5,Rose City Park,Vestal,207,36,7% (figure cited in public comment),0.07,14.490000000000002,2.5200000000000005
a,Vietnamese,K-5,Rose City Park,Vestal,207,36,Bridger to Lent precedent,0.19786776047051635,40.958626417396886,7.123239376938589
a,Vietnamese,K-5,Rose City Park,Vestal,207,36,Everyone follows,0,0,0
b,Mandarin,K-5,Clark,Woodstock,91,19,7% (figure cited in public comment),0.07,6.370000000000001,1.33
b,Mandarin,K-5,Clark,Woodstock,91,19,Bridger to Lent precedent,0.19786776047051635,18.00596620281699,3.7594874489398107
b,Mandarin,K-5,Clark,Woodstock,91,19,Everyone follows,0,0,0
b,Mandarin,K-5,MLK Jr.,Boise-Eliot/Humboldt,193,48,7% (figure cited in public comment),0.07,13.510000000000002,3.3600000000000003
b,Mandarin,K-5,MLK Jr.,Boise-Eliot/Humboldt,193,48,Bridger to Lent precedent,0.19786776047051635,38.188477770809655,9.497652502584785
b,Mandarin,K-5,MLK Jr.,Boise-Eliot/Humboldt,193,48,Everyone follows,0,0,0
b,Spanish,K-5,Atkinson,Lent,178,27,7% (figure cited in public comment),0.07,12.46,1.8900000000000001
b,Spanish,K-5,Atkinson,Lent,178,27,Bridger to Lent precedent,0.19786776047051635,35.22046136375191,5.3424295327039415
b,Spanish,K-5,Atkinson,Lent,178,27,Everyone follows,0,0,0
b,Spanish,K-5,Beach,César Chávez,155,25,7% (figure cited in public comment),0.07,10.850000000000001,1.7500000000000002
b,Spanish,K-5,Beach,César Chávez,155,25,Bridger to Lent precedent,0.19786776047051635,30.669502872930035,4.946694011762909
b,Spanish,K-5,Beach,César Chávez,155,25,Everyone follows,0,0,0
b,Spanish,K-5,James John,César Chávez,133,20,7% (figure cited in public comment),0.07,9.31,1.4000000000000001
b,Spanish,K-5,James John,César Chávez,133,20,Bridger to Lent precedent,0.19786776047051635,26.316412142578674,3.957355209410327
b,Spanish,K-5,James John,César Chávez,133,20,Everyone follows,0,0,0
b,Spanish,K-5,Scott,Rigler,222,39,7% (figure cited in public comment),0.07,15.540000000000001,2.7300000000000004
b,Spanish,K-5,Scott,Rigler,222,39,Bridger to Lent precedent,0.19786776047051635,43.92664282445463,7.716842658350138
b,Spanish,K-5,Scott,Rigler,222,39,Everyone follows,0,0,0
b,Spanish,K-5,Sitton,César Chávez,138,21,7% (figure cited in public comment),0.07,9.66,1.4700000000000002
b,Spanish,K-5,Sitton,César Chávez,138,21,Bridger to Lent precedent,0.19786776047051635,27.305750944931255,4.155222969880843
b,Spanish,K-5,Sitton,César Chávez,138,21,Everyone follows,0,0,0
b,Spanish,6-8,Beaumont,Roseway Heights,101,NA,7% (figure cited in public comment),0.07,7.07,NA
b,Spanish,6-8,Beaumont,Roseway Heights,101,NA,Bridger to Lent precedent,0.19786776047051635,19.98464380752215,NA
b,Spanish,6-8,Beaumont,Roseway Heights,101,NA,Everyone follows,0,0,NA
b,Spanish,6-8,Ockley Green,George,63,NA,7% (figure cited in public comment),0.07,4.41,NA
b,Spanish,6-8,Ockley Green,George,63,NA,Bridger to Lent precedent,0.19786776047051635,12.465668909642531,NA
b,Spanish,6-8,Ockley Green,George,63,NA,Everyone follows,0,0,NA
