site,level,classrooms,modular_classrooms,functional_capacity,util_2021_22,util_2022_23,util_2023_24,util_2024_25,util_2025_26,page
AINSWORTH,elementary,23,4,636,0.99,0.98,0.97,0.98,0.97,53
RICHMOND,elementary,29,0,723,0.84,0.83,0.82,0.83,0.83,53
ABERNETHY,elementary,21,2,522,0.9,0.89,0.87,0.83,0.81,53
LEWIS,elementary,19,0,444,0.9,0.88,0.86,0.84,0.81,53
LLEWELLYN,elementary,20,3,528,0.93,0.92,0.88,0.84,0.81,53
ROSE CITY PARK,elementary,27,0,636,0.89,0.9,0.87,0.83,0.8,53
DUNIWAY,elementary,25,0,552,0.89,0.86,0.84,0.82,0.79,53
WOODSTOCK,elementary,28,0,648,0.87,0.86,0.84,0.82,0.79,53
ALAMEDA,elementary,31,2,792,0.84,0.81,0.8,0.78,0.77,53
CAPITOL HILL,elementary,18,1,456,0.83,0.81,0.82,0.8,0.77,53
CHAPMAN,elementary,24,3,618,0.7,0.7,0.73,0.74,0.74,53
MARKHAM,elementary,26,0,588,0.73,0.73,0.73,0.74,0.74,53
MAPLEWOOD,elementary,14,6,467,0.77,0.76,0.77,0.73,0.73,53
GROUT,elementary,27,0,510,0.71,0.7,0.7,0.71,0.71,53
SCOTT,elementary,27,2,643,0.74,0.75,0.73,0.72,0.71,53
SITTON,elementary,22,2,467,0.76,0.77,0.76,0.73,0.71,53
BRIDLEMILE,elementary,25,1,645,0.72,0.73,0.72,0.7,0.69,53
RIEKE,elementary,13,6,492,0.74,0.72,0.71,0.7,0.69,53
KELLY,elementary,37,0,670,0.68,0.69,0.69,0.68,0.66,53
BUCKMAN,elementary,28,0,654,0.69,0.68,0.67,0.66,0.65,53
HAYHURST,elementary,22,0,546,0.72,0.69,0.68,0.66,0.64,53
GLENCOE,elementary,25,1,600,0.7,0.69,0.66,0.64,0.63,53
JAMES JOHN,elementary,26,0,513,0.68,0.68,0.67,0.65,0.63,53
STEPHENSON,elementary,20,0,552,0.66,0.67,0.68,0.65,0.63,53
ATKINSON,elementary,25,0,567,0.7,0.69,0.66,0.63,0.62,53
BRIDGER,elementary,19,6,561,0.67,0.65,0.63,0.62,0.6,53
SABIN,elementary,26,4,559,0.66,0.64,0.63,0.6,0.59,53
FOREST PARK,elementary,11,10,546,0.68,0.63,0.63,0.6,0.58,53
CHIEF JOSEPH,elementary,17,2,499,0.64,0.63,0.61,0.59,0.56,53
BOISE-ELIOT,elementary,34,0,651,0.56,0.57,0.57,0.57,0.55,53
IRVINGTON,elementary,30,0,547,0.58,0.55,0.56,0.55,0.54,53
LEE,elementary,23,1,443,0.6,0.59,0.56,0.55,0.54,53
MLK JR,elementary,34,0,635,0.55,0.54,0.54,0.53,0.53,53
BEACH,elementary,29,3,750,0.55,0.55,0.55,0.54,0.52,53
WOODMERE,elementary,19,4,473,0.57,0.55,0.54,0.53,0.52,53
HOLLYROOD,elementary,9,0,228,0.61,0.51,0.44,0.46,0.46,53
MARYSVILLE,elementary,25,0,533,0.51,0.52,0.5,0.49,0.46,53
WOODLAWN,elementary,28,3,644,0.52,0.52,0.51,0.47,0.46,53
ARLETA,elementary,29,0,696,0.49,0.48,0.48,0.44,0.42,53
PENINSULA,elementary,28,0,613,0.45,0.44,0.43,0.41,0.41,53
RIGLER,elementary,21,8,589,0.47,0.47,0.45,0.44,0.41,53
CRESTON,elementary,27,0,558,0.47,0.47,0.44,0.43,0.4,53
LENT,elementary,28,3,707,0.43,0.41,0.4,0.39,0.39,53
ROSA PARKS,elementary,26,0,594,0.46,0.44,0.43,0.4,0.38,53
WHITMAN,elementary,24,0,493,0.43,0.42,0.39,0.39,0.38,53
VESTAL,elementary,23,3,554,0.43,0.41,0.41,0.38,0.37,53
EAST SYLVAN,k8,10,0,174,1.4,1.43,1.43,1.43,1.44,57
WINTERHAVEN,k8,13,1,261,1.12,1.1,1.08,1.09,1.09,57
FAUBION,k8,43,0,710,1.01,1.02,1.0,1.04,1.02,57
LAURELHURST,k8,22,8,657,1.06,1.03,1.05,1.04,1.01,57
VERNON,k8,25,4,579,1.06,1.03,1.04,1.01,0.99,57
CLARK,k8,22,0,495,0.92,0.91,0.91,0.91,0.91,57
SUNNYSIDE,k8,24,2,546,0.96,0.93,0.88,0.86,0.83,57
FERNWOOD,k8,26,0,555,0.87,0.91,0.9,0.85,0.82,57
CHAVEZ,k8,29,2,589,0.92,0.89,0.86,0.83,0.82,57
SKYLINE,k8,14,0,282,0.75,0.74,0.72,0.7,0.71,57
ASTOR,k8,21,4,559,0.72,0.67,0.66,0.64,0.59,57
MT. TABOR,middle,31,0,682,1.01,0.98,0.99,0.98,0.97,60
KELLOGG,middle,33,0,803,0.9,0.89,0.9,0.9,0.91,60
HOSFORD,middle,32,0,696,0.98,0.93,0.91,0.89,0.89,60
JACKSON,middle,40,0,908,0.91,0.94,0.87,0.86,0.84,60
SELLWOOD,middle,30,0,683,0.83,0.84,0.84,0.82,0.83,60
ROSEWAY HEIGHTS,middle,39,0,803,0.78,0.78,0.77,0.77,0.8,60
WEST SYLVAN,middle,40,0,987,0.83,0.85,0.82,0.81,0.79,60
OCKLEY GREEN,middle,31,3,689,0.72,0.73,0.73,0.73,0.75,60
GRAY,middle,26,0,622,0.88,0.89,0.85,0.78,0.75,60
BEAUMONT,middle,34,0,701,0.75,0.74,0.72,0.7,0.69,60
DA VINCI,middle,25,6,714,0.63,0.64,0.64,0.64,0.64,60
TUBMAN,middle,33,0,732,0.6,0.62,0.62,0.62,0.63,60
GEORGE,middle,31,0,617,0.7,0.69,0.65,0.65,0.62,60
LANE,middle,39,0,770,0.53,0.49,0.47,0.46,0.47,60
