school,scenario,year,enrollment
César Chávez,sq,2027-28,413
César Chávez,sq,2028-29,403
César Chávez,sq,2029-30,404
César Chávez,sq,2030-31,405
César Chávez,sq,2031-32,392
César Chávez,a,2027-28,541
César Chávez,b,2027-28,541
César Chávez,a,2028-29,532
César Chávez,b,2028-29,532
César Chávez,a,2029-30,525
César Chávez,b,2029-30,525
César Chávez,a,2030-31,528
César Chávez,b,2030-31,528
César Chávez,a,2031-32,527
César Chávez,b,2031-32,527
Lent,sq,2027-28,256
Lent,sq,2028-29,268
Lent,sq,2029-30,271
Lent,sq,2030-31,283
Lent,sq,2031-32,274
Lent,a,2027-28,401
Lent,b,2027-28,401
Lent,a,2028-29,417
Lent,b,2028-29,417
Lent,a,2029-30,424
Lent,b,2029-30,424
Lent,a,2030-31,430
Lent,b,2030-31,430
Lent,a,2031-32,421
Lent,b,2031-32,421
