year,row_type,name,enrollment,pct_latino,pct_african_american,pct_asian,pct_native_american,pct_pacific_islander,pct_white,pct_multi_asian_white,pct_multi_other,pct_direct_cert,pct_ell,pct_tag,pct_immersion,pct_focus_alt,pct_hist_underserved
2025-26,School,Abernethy,269,0.09,0.01,0.02,0.0,0.0,0.76,0.07,0.04,0.11,0.01,0.13,0.0,0.0,0.15
2025-26,Neighborhood,Abernethy,369,0.09,0.01,0.03,0.0,0.0,0.71,0.12,0.03,0.13,0.02,0.14,0.15,0.26,0.13
2025-26,School,Ainsworth,560,0.27,0.03,0.04,0.0,0.0,0.53,0.07,0.06,0.13,0.11,0.17,0.51,0.51,0.36
2025-26,Neighborhood,Ainsworth,439,0.15,0.04,0.06,0.0,0.0,0.58,0.1,0.06,0.14,0.08,0.16,0.32,0.35,0.26
2025-26,School,Alameda,513,0.08,0.01,0.02,0.0,0.0,0.75,0.1,0.04,0.06,0.01,0.14,0.0,0.0,0.14
2025-26,Neighborhood,Alameda,517,0.07,0.0,0.02,0.0,0.0,0.76,0.11,0.04,0.05,0.01,0.14,0.02,0.04,0.11
2025-26,School,Arleta,230,0.15,0.02,0.03,0.0,0.0,0.61,0.06,0.12,0.25,0.04,0.11,0.0,0.0,0.3
2025-26,Neighborhood,Arleta,332,0.17,0.01,0.04,0.01,0.0,0.61,0.07,0.08,0.27,0.08,0.09,0.15,0.31,0.28
2025-26,School,Astor,400,0.15,0.07,0.02,0.03,0.0,0.59,0.03,0.11,0.3,0.03,0.18,0.0,0.0,0.37
2025-26,Neighborhood,Astor,452,0.18,0.08,0.01,0.03,0.01,0.54,0.04,0.11,0.33,0.06,0.17,0.1,0.15,0.41
2025-26,School,Atkinson,366,0.38,0.01,0.01,0.0,0.01,0.53,0.03,0.04,0.32,0.21,0.07,0.49,0.49,0.44
2025-26,Neighborhood,Atkinson,361,0.13,0.03,0.04,0.01,0.01,0.66,0.09,0.03,0.25,0.07,0.12,0.32,0.49,0.2
2025-26,School,Beach,288,0.3,0.11,0.02,0.0,0.0,0.46,0.04,0.07,0.35,0.13,0.08,0.54,0.54,0.48
2025-26,Neighborhood,Beach,300,0.15,0.15,0.02,0.01,0.0,0.49,0.08,0.1,0.36,0.06,0.09,0.32,0.38,0.41
2025-26,School,Beverly Cleary,480,0.07,0.02,0.04,0.0,0.0,0.71,0.09,0.06,0.11,0.04,0.26,0.0,0.0,0.16
2025-26,Neighborhood,Beverly Cleary,519,0.11,0.02,0.04,0.0,0.0,0.68,0.09,0.06,0.13,0.04,0.26,0.07,0.11,0.2
2025-26,School,Boise-Eliot/Humboldt,294,0.2,0.41,0.01,0.01,0.0,0.23,0.01,0.12,0.63,0.08,0.05,0.0,0.0,0.74
2025-26,Neighborhood,Boise-Eliot/Humboldt,389,0.2,0.35,0.01,0.01,0.0,0.31,0.03,0.1,0.59,0.08,0.05,0.08,0.19,0.66
2025-26,School,Bridger Creative Science,446,0.09,0.03,0.07,0.01,0.01,0.69,0.03,0.07,0.27,0.04,0.12,0.0,1.0,0.21
2025-26,Neighborhood,Bridger Creative Science,251,0.14,0.03,0.04,0.01,0.01,0.61,0.09,0.07,0.24,0.06,0.17,0.21,0.88,0.26
2025-26,School,Bridlemile,423,0.09,0.03,0.04,0.0,0.0,0.71,0.09,0.04,0.13,0.02,0.13,0.0,0.0,0.17
2025-26,Neighborhood,Bridlemile,465,0.12,0.03,0.04,0.0,0.0,0.68,0.08,0.05,0.11,0.04,0.16,0.06,0.13,0.2
2025-26,School,Buckman,283,0.13,0.05,0.02,0.01,0.0,0.63,0.05,0.1,0.36,0.07,0.13,0.0,1.0,0.3
2025-26,Neighborhood,Buckman,194,0.2,0.09,0.06,0.02,0.01,0.48,0.05,0.1,0.45,0.13,0.08,0.05,0.82,0.41
2025-26,School,Capitol Hill,325,0.12,0.02,0.03,0.0,0.0,0.7,0.03,0.09,0.19,0.0,0.16,0.0,0.0,0.23
2025-26,Neighborhood,Capitol Hill,387,0.14,0.04,0.04,0.0,0.0,0.66,0.04,0.08,0.2,0.01,0.14,0.04,0.09,0.26
2025-26,School,César Chávez,443,0.64,0.12,0.02,0.0,0.01,0.16,0.01,0.04,0.66,0.36,0.04,0.68,0.68,0.81
2025-26,Neighborhood,César Chávez,312,0.56,0.14,0.04,0.0,0.01,0.13,0.03,0.09,0.7,0.32,0.04,0.43,0.5,0.8
2025-26,School,Chapman,330,0.18,0.09,0.05,0.02,0.01,0.46,0.07,0.11,0.52,0.09,0.07,0.0,0.0,0.41
2025-26,Neighborhood,Chapman,466,0.19,0.08,0.06,0.02,0.01,0.43,0.08,0.12,0.5,0.08,0.08,0.07,0.15,0.43
2025-26,School,Chief Joseph,242,0.12,0.05,0.0,0.0,0.01,0.69,0.07,0.05,0.22,0.03,0.1,0.0,0.0,0.24
2025-26,Neighborhood,Chief Joseph,362,0.14,0.08,0.01,0.01,0.01,0.64,0.05,0.07,0.23,0.05,0.1,0.13,0.22,0.3
2025-26,School,Creston,213,0.15,0.02,0.05,0.0,0.01,0.66,0.07,0.04,0.24,0.14,0.08,0.0,0.0,0.22
2025-26,Neighborhood,Creston,288,0.16,0.01,0.03,0.0,0.01,0.65,0.1,0.03,0.17,0.08,0.1,0.22,0.35,0.22
2025-26,School,Duniway,362,0.06,0.0,0.01,0.01,0.0,0.78,0.09,0.05,0.08,0.01,0.17,0.0,0.0,0.12
2025-26,Neighborhood,Duniway,414,0.06,0.0,0.02,0.01,0.0,0.75,0.11,0.05,0.1,0.02,0.16,0.04,0.08,0.12
2025-26,School,Faubion,600,0.29,0.23,0.01,0.01,0.04,0.27,0.01,0.14,0.56,0.18,0.08,0.0,0.0,0.7
2025-26,Neighborhood,Faubion,767,0.28,0.2,0.02,0.01,0.03,0.32,0.02,0.12,0.51,0.16,0.1,0.05,0.17,0.64
2025-26,School,Forest Park,264,0.08,0.03,0.2,0.0,0.0,0.54,0.09,0.05,0.06,0.01,0.19,0.0,0.0,0.17
2025-26,Neighborhood,Forest Park,301,0.1,0.04,0.18,0.0,0.0,0.53,0.1,0.05,0.06,0.01,0.2,0.05,0.09,0.19
2025-26,School,Glencoe,339,0.11,0.05,0.01,0.0,0.0,0.74,0.05,0.04,0.17,0.03,0.09,0.0,0.0,0.2
2025-26,Neighborhood,Glencoe,457,0.11,0.04,0.03,0.0,0.0,0.68,0.09,0.04,0.17,0.05,0.11,0.17,0.26,0.19
2025-26,School,Grout,327,0.17,0.06,0.1,0.01,0.02,0.5,0.04,0.1,0.51,0.24,0.07,0.0,0.0,0.37
2025-26,Neighborhood,Grout,497,0.16,0.06,0.09,0.01,0.01,0.52,0.06,0.09,0.43,0.18,0.09,0.1,0.26,0.33
2025-26,School,Hayhurst,290,0.13,0.06,0.02,0.01,0.01,0.62,0.08,0.09,0.26,0.09,0.12,0.0,0.0,0.29
2025-26,Neighborhood,Hayhurst,354,0.15,0.06,0.03,0.01,0.01,0.59,0.09,0.07,0.24,0.09,0.12,0.06,0.17,0.29
2025-26,School,Irvington,259,0.13,0.09,0.01,0.0,0.0,0.62,0.05,0.1,0.21,0.05,0.17,0.0,0.0,0.32
2025-26,Neighborhood,Irvington,296,0.14,0.08,0.01,0.01,0.0,0.59,0.08,0.08,0.21,0.04,0.17,0.06,0.13,0.31
2025-26,School,James John,365,0.48,0.08,0.01,0.01,0.0,0.32,0.03,0.07,0.55,0.27,0.05,0.36,0.36,0.64
2025-26,Neighborhood,James John,415,0.41,0.08,0.02,0.01,0.0,0.37,0.04,0.07,0.5,0.2,0.06,0.31,0.39,0.58
2025-26,School,Kelly,411,0.23,0.11,0.1,0.01,0.01,0.47,0.0,0.06,0.68,0.46,0.04,0.35,0.35,0.42
2025-26,Neighborhood,Kelly,411,0.36,0.15,0.12,0.01,0.01,0.26,0.02,0.08,0.68,0.28,0.03,0.18,0.36,0.6
2025-26,School,MLK Jr,319,0.19,0.31,0.05,0.0,0.01,0.24,0.08,0.12,0.51,0.11,0.07,0.61,0.61,0.63
2025-26,Neighborhood,MLK Jr,172,0.26,0.34,0.01,0.0,0.01,0.26,0.04,0.09,0.52,0.09,0.04,0.27,0.37,0.69
2025-26,School,Laurelhurst,610,0.07,0.02,0.03,0.0,0.0,0.74,0.08,0.06,0.12,0.02,0.19,0.0,0.0,0.16
2025-26,Neighborhood,Laurelhurst,687,0.09,0.02,0.03,0.01,0.0,0.71,0.09,0.05,0.13,0.02,0.2,0.04,0.11,0.17
2025-26,School,Lee,251,0.19,0.14,0.09,0.0,0.04,0.43,0.03,0.08,0.45,0.11,0.09,0.0,0.0,0.44
2025-26,Neighborhood,Lee,327,0.2,0.1,0.13,0.0,0.05,0.41,0.03,0.08,0.46,0.1,0.09,0.12,0.26,0.43
2025-26,School,Lent,256,0.68,0.02,0.0,0.0,0.0,0.24,0.04,0.02,0.47,0.41,0.1,1.0,1.0,0.72
2025-26,Neighborhood,Lent,286,0.34,0.1,0.16,0.0,0.01,0.29,0.03,0.05,0.53,0.27,0.06,0.37,0.52,0.51
2025-26,School,Lewis,259,0.12,0.02,0.06,0.0,0.0,0.64,0.08,0.08,0.22,0.02,0.14,0.0,0.0,0.22
2025-26,Neighborhood,Lewis,233,0.1,0.02,0.12,0.0,0.0,0.62,0.09,0.06,0.15,0.02,0.17,0.11,0.16,0.18
2025-26,School,Llewellyn,345,0.1,0.02,0.02,0.01,0.0,0.77,0.06,0.03,0.13,0.01,0.12,0.0,0.0,0.15
2025-26,Neighborhood,Llewellyn,355,0.1,0.01,0.01,0.01,0.0,0.75,0.09,0.02,0.12,0.02,0.14,0.05,0.11,0.14
2025-26,School,Maplewood,287,0.11,0.02,0.01,0.01,0.0,0.67,0.1,0.07,0.2,0.04,0.1,0.0,0.0,0.21
2025-26,Neighborhood,Maplewood,312,0.13,0.02,0.01,0.01,0.0,0.69,0.09,0.07,0.17,0.03,0.12,0.03,0.11,0.21
2025-26,School,Markham,339,0.15,0.17,0.06,0.0,0.03,0.49,0.05,0.06,0.38,0.15,0.09,0.0,0.0,0.4
2025-26,Neighborhood,Markham,457,0.14,0.13,0.05,0.0,0.02,0.53,0.06,0.07,0.31,0.12,0.1,0.03,0.1,0.36
2025-26,School,Marysville,307,0.21,0.12,0.11,0.02,0.05,0.36,0.02,0.11,0.58,0.14,0.07,0.0,0.0,0.5
2025-26,Neighborhood,Marysville,283,0.22,0.07,0.1,0.02,0.03,0.39,0.06,0.11,0.49,0.14,0.1,0.12,0.29,0.45
2025-26,School,Odyssey,217,0.06,0.01,0.04,0.0,0.0,0.74,0.1,0.05,0.08,0.01,0.25,0.0,1.0,0.12
2025-26,School,Peninsula,239,0.2,0.13,0.03,0.02,0.0,0.45,0.04,0.13,0.38,0.06,0.08,0.0,0.0,0.48
2025-26,Neighborhood,Peninsula,301,0.21,0.11,0.02,0.01,0.01,0.43,0.05,0.15,0.33,0.06,0.07,0.11,0.17,0.5
2025-26,School,Richmond,512,0.07,0.01,0.1,0.0,0.0,0.42,0.38,0.03,0.07,0.07,0.15,1.0,1.0,0.1
2025-26,School,Rieke,264,0.09,0.03,0.03,0.0,0.01,0.72,0.06,0.06,0.15,0.02,0.17,0.0,0.0,0.19
2025-26,Neighborhood,Rieke,300,0.1,0.03,0.03,0.0,0.01,0.71,0.07,0.06,0.14,0.04,0.18,0.06,0.13,0.19
2025-26,School,Rigler,289,0.62,0.03,0.01,0.0,0.0,0.31,0.01,0.02,0.54,0.5,0.04,1.0,1.0,0.67
2025-26,Neighborhood,Rigler,469,0.38,0.15,0.03,0.03,0.02,0.3,0.03,0.06,0.58,0.29,0.04,0.52,0.64,0.64
2025-26,School,Rosa Parks,160,0.36,0.36,0.03,0.0,0.01,0.14,0.01,0.09,0.79,0.36,0.04,0.0,0.0,0.82
2025-26,Neighborhood,Rosa Parks,301,0.43,0.27,0.02,0.0,0.01,0.19,0.01,0.07,0.75,0.29,0.03,0.19,0.32,0.78
2025-26,School,Rose City Park,417,0.08,0.02,0.32,0.01,0.01,0.46,0.05,0.05,0.33,0.22,0.09,0.5,0.5,0.17
2025-26,Neighborhood,Rose City Park,364,0.15,0.03,0.07,0.0,0.01,0.64,0.04,0.06,0.29,0.1,0.1,0.29,0.36,0.24
2025-26,School,Sabin,269,0.09,0.1,0.02,0.02,0.0,0.63,0.04,0.09,0.28,0.04,0.13,0.0,0.0,0.3
2025-26,Neighborhood,Sabin,325,0.09,0.12,0.04,0.01,0.0,0.6,0.05,0.08,0.22,0.04,0.14,0.11,0.18,0.31
2025-26,School,Scott,476,0.33,0.1,0.03,0.03,0.03,0.38,0.03,0.07,0.52,0.24,0.07,0.47,0.47,0.56
2025-26,Neighborhood,Scott,472,0.32,0.05,0.06,0.0,0.01,0.45,0.05,0.06,0.42,0.19,0.1,0.47,0.6,0.45
2025-26,School,Sitton,345,0.39,0.12,0.03,0.01,0.01,0.33,0.01,0.1,0.6,0.31,0.06,0.4,0.4,0.63
2025-26,Neighborhood,Sitton,441,0.46,0.11,0.03,0.0,0.01,0.3,0.01,0.07,0.63,0.27,0.04,0.33,0.46,0.66
2025-26,School,Skyline,207,0.14,0.02,0.04,0.0,0.0,0.65,0.11,0.04,0.14,0.03,0.22,0.0,0.0,0.2
2025-26,Neighborhood,Skyline,221,0.13,0.03,0.04,0.0,0.0,0.66,0.1,0.05,0.15,0.03,0.2,0.01,0.05,0.21
2025-26,School,Stephenson,281,0.1,0.03,0.04,0.0,0.0,0.68,0.11,0.04,0.1,0.04,0.15,0.0,0.0,0.17
2025-26,Neighborhood,Stephenson,282,0.11,0.01,0.05,0.0,0.0,0.68,0.12,0.03,0.1,0.04,0.16,0.03,0.05,0.16
2025-26,School,Sunnyside Environmental,485,0.11,0.01,0.01,0.0,0.0,0.74,0.07,0.06,0.19,0.01,0.2,0.0,1.0,0.18
2025-26,Neighborhood,Sunnyside Environmental,286,0.12,0.01,0.03,0.0,0.0,0.72,0.08,0.04,0.2,0.04,0.21,0.09,0.95,0.17
2025-26,School,Vernon,541,0.12,0.14,0.01,0.01,0.0,0.55,0.05,0.12,0.28,0.05,0.15,0.0,0.0,0.4
2025-26,Neighborhood,Vernon,638,0.13,0.12,0.02,0.01,0.0,0.56,0.05,0.1,0.29,0.06,0.15,0.08,0.17,0.37
2025-26,School,Vestal,283,0.19,0.13,0.06,0.0,0.02,0.45,0.02,0.12,0.44,0.19,0.06,0.0,0.0,0.46
2025-26,Neighborhood,Vestal,424,0.2,0.13,0.09,0.0,0.01,0.45,0.04,0.08,0.38,0.17,0.07,0.13,0.24,0.42
2025-26,School,Whitman,194,0.24,0.11,0.1,0.03,0.03,0.37,0.03,0.1,0.64,0.18,0.04,0.0,0.0,0.51
2025-26,Neighborhood,Whitman,445,0.26,0.07,0.12,0.01,0.01,0.36,0.06,0.1,0.45,0.15,0.06,0.13,0.27,0.46
2025-26,School,Winterhaven,316,0.09,0.01,0.06,0.0,0.0,0.7,0.1,0.04,0.18,0.0,0.36,0.0,1.0,0.14
2025-26,School,Woodlawn,323,0.23,0.26,0.01,0.01,0.0,0.37,0.02,0.1,0.45,0.09,0.09,0.0,0.0,0.6
2025-26,Neighborhood,Woodlawn,424,0.22,0.21,0.0,0.0,0.0,0.42,0.04,0.11,0.39,0.08,0.09,0.09,0.18,0.54
2025-26,School,Woodmere,227,0.25,0.1,0.12,0.01,0.0,0.34,0.02,0.15,0.59,0.25,0.07,0.0,0.0,0.52
2025-26,Neighborhood,Woodmere,292,0.25,0.07,0.12,0.01,0.01,0.43,0.03,0.08,0.46,0.19,0.08,0.16,0.31,0.41
2025-26,School,Woodstock,367,0.09,0.03,0.23,0.0,0.0,0.46,0.15,0.04,0.24,0.12,0.15,0.52,0.52,0.16
2025-26,Neighborhood,Woodstock,241,0.09,0.02,0.04,0.0,0.0,0.75,0.08,0.02,0.15,0.02,0.18,0.27,0.39,0.13
2025-26,School,Beaumont,416,0.24,0.04,0.01,0.0,0.0,0.59,0.08,0.05,0.24,0.12,0.28,0.24,0.24,0.33
2025-26,Neighborhood,Beaumont,520,0.2,0.07,0.03,0.01,0.01,0.57,0.08,0.05,0.28,0.11,0.28,0.19,0.27,0.33
2025-26,School,da Vinci,429,0.17,0.05,0.01,0.01,0.0,0.64,0.04,0.08,0.31,0.02,0.26,0.0,1.0,0.31
2025-26,School,George,358,0.47,0.16,0.03,0.0,0.01,0.2,0.0,0.13,0.71,0.3,0.08,0.3,0.3,0.77
2025-26,Neighborhood,George,488,0.47,0.13,0.02,0.0,0.01,0.24,0.01,0.12,0.63,0.25,0.11,0.31,0.4,0.73
2025-26,School,Gray,432,0.11,0.04,0.03,0.01,0.0,0.7,0.06,0.05,0.21,0.06,0.38,0.0,0.0,0.21
2025-26,Neighborhood,Gray,504,0.11,0.03,0.04,0.0,0.0,0.69,0.07,0.05,0.19,0.05,0.4,0.05,0.14,0.2
2025-26,School,Harriet Tubman,402,0.16,0.25,0.02,0.01,0.0,0.43,0.04,0.09,0.38,0.05,0.22,0.12,0.12,0.5
2025-26,Neighborhood,Harriet Tubman,537,0.14,0.2,0.02,0.01,0.0,0.5,0.05,0.08,0.34,0.03,0.27,0.07,0.25,0.43
2025-26,School,Harrison Park,419,0.15,0.13,0.21,0.0,0.03,0.36,0.06,0.06,0.46,0.18,0.17,0.26,0.26,0.37
2025-26,Neighborhood,Harrison Park,568,0.17,0.11,0.15,0.0,0.02,0.46,0.04,0.05,0.42,0.15,0.17,0.22,0.41,0.35
2025-26,School,Hosford,528,0.11,0.03,0.05,0.0,0.01,0.7,0.05,0.05,0.26,0.07,0.26,0.0,0.0,0.2
2025-26,Neighborhood,Hosford,745,0.11,0.02,0.05,0.0,0.01,0.68,0.07,0.06,0.26,0.06,0.3,0.08,0.26,0.2
2025-26,School,Jackson,689,0.11,0.06,0.02,0.0,0.01,0.66,0.07,0.08,0.22,0.06,0.29,0.0,0.0,0.26
2025-26,Neighborhood,Jackson,791,0.11,0.05,0.02,0.0,0.01,0.66,0.07,0.08,0.2,0.05,0.3,0.03,0.1,0.25
2025-26,School,Kellogg,531,0.34,0.04,0.08,0.0,0.02,0.42,0.03,0.07,0.44,0.17,0.18,0.38,0.38,0.47
2025-26,Neighborhood,Kellogg,465,0.22,0.04,0.12,0.0,0.02,0.48,0.05,0.08,0.45,0.14,0.18,0.16,0.29,0.36
2025-26,School,Lane,447,0.24,0.13,0.11,0.01,0.01,0.4,0.02,0.07,0.57,0.19,0.15,0.08,0.08,0.47
2025-26,Neighborhood,Lane,624,0.25,0.1,0.1,0.01,0.01,0.41,0.05,0.07,0.46,0.14,0.2,0.17,0.31,0.43
2025-26,School,Mt Tabor,430,0.11,0.02,0.05,0.0,0.0,0.56,0.23,0.03,0.16,0.02,0.36,0.52,0.52,0.16
2025-26,Neighborhood,Mt Tabor,262,0.13,0.03,0.02,0.0,0.0,0.7,0.1,0.03,0.14,0.02,0.37,0.16,0.33,0.18
2025-26,School,Ockley Green,460,0.18,0.17,0.02,0.01,0.01,0.47,0.03,0.11,0.36,0.08,0.25,0.14,0.14,0.48
2025-26,Neighborhood,Ockley Green,659,0.18,0.13,0.02,0.01,0.01,0.52,0.04,0.1,0.34,0.06,0.24,0.13,0.3,0.42
2025-26,School,Roseway Heights,572,0.21,0.1,0.13,0.01,0.02,0.43,0.03,0.08,0.44,0.17,0.19,0.27,0.27,0.42
2025-26,Neighborhood,Roseway Heights,545,0.2,0.07,0.08,0.0,0.01,0.51,0.04,0.08,0.33,0.12,0.24,0.24,0.37,0.37
2025-26,School,Sellwood,564,0.08,0.01,0.02,0.0,0.0,0.79,0.05,0.05,0.13,0.02,0.36,0.0,0.0,0.13
2025-26,Neighborhood,Sellwood,623,0.09,0.01,0.02,0.0,0.0,0.77,0.07,0.04,0.13,0.02,0.36,0.03,0.11,0.13
2025-26,School,West Sylvan,683,0.13,0.05,0.08,0.01,0.0,0.58,0.09,0.06,0.16,0.05,0.32,0.17,0.17,0.24
2025-26,Neighborhood,West Sylvan,722,0.12,0.06,0.08,0.01,0.0,0.58,0.1,0.07,0.2,0.05,0.31,0.11,0.19,0.25
2025-26,School,Benson,1025,0.26,0.1,0.04,0.0,0.0,0.47,0.04,0.08,0.32,0.07,0.16,0.0,1.0,0.44
2025-26,School,Cleveland,1451,0.08,0.03,0.07,0.0,0.0,0.7,0.07,0.04,0.18,0.03,0.32,0.08,0.08,0.16
2025-26,Neighborhood,Cleveland,1876,0.11,0.03,0.05,0.0,0.0,0.69,0.07,0.05,0.21,0.03,0.29,0.07,0.21,0.19
2025-26,School,Franklin,1780,0.2,0.04,0.1,0.0,0.01,0.53,0.05,0.06,0.33,0.1,0.2,0.11,0.11,0.31
2025-26,Neighborhood,Franklin,2244,0.2,0.04,0.1,0.0,0.01,0.52,0.06,0.06,0.33,0.09,0.21,0.12,0.2,0.32
2025-26,School,Grant,2074,0.09,0.06,0.03,0.0,0.0,0.67,0.11,0.05,0.13,0.01,0.34,0.13,0.13,0.2
2025-26,Neighborhood,Grant,1190,0.07,0.03,0.03,0.0,0.0,0.75,0.08,0.04,0.1,0.01,0.36,0.03,0.08,0.14
2025-26,School,Ida B. Wells-Barnett,1574,0.09,0.05,0.03,0.0,0.01,0.71,0.06,0.05,0.17,0.03,0.31,0.0,0.0,0.2
2025-26,Neighborhood,Ida B. Wells-Barnett,1810,0.1,0.05,0.03,0.0,0.01,0.69,0.06,0.06,0.18,0.03,0.31,0.04,0.07,0.21
2025-26,School,Jefferson,391,0.2,0.45,0.02,0.01,0.01,0.18,0.02,0.12,0.55,0.08,0.09,0.04,0.04,0.78
2025-26,School,McDaniel,1629,0.28,0.13,0.11,0.01,0.02,0.38,0.02,0.06,0.42,0.2,0.14,0.15,0.19,0.49
2025-26,Neighborhood,McDaniel,1632,0.27,0.13,0.1,0.01,0.02,0.37,0.03,0.07,0.45,0.18,0.14,0.15,0.29,0.5
2025-26,School,Lincoln,1647,0.11,0.05,0.09,0.0,0.0,0.6,0.09,0.05,0.12,0.03,0.32,0.11,0.11,0.22
2025-26,Neighborhood,Lincoln,1542,0.11,0.05,0.09,0.01,0.0,0.6,0.09,0.05,0.15,0.04,0.29,0.08,0.1,0.22
2025-26,School,Roosevelt,1419,0.36,0.12,0.02,0.0,0.01,0.38,0.03,0.08,0.45,0.18,0.14,0.21,0.24,0.58
2025-26,Neighborhood,Roosevelt,1178,0.4,0.13,0.02,0.01,0.01,0.32,0.03,0.09,0.51,0.2,0.12,0.19,0.31,0.63
2025-26,Grand Total,Grand Total,43479,0.18,0.08,0.06,0.01,0.01,0.53,0.06,0.07,0.31,0.1,0.18,0.13,0.25,0.35
2024-25,School,Abernethy,284,0.08,0.01,0.02,0.0,0.0,0.79,0.07,0.02,0.11,0.01,0.17,0.0,0.0,0.12
2024-25,Neighborhood,Abernethy,398,0.09,0.01,0.04,0.0,0.0,0.73,0.12,0.02,0.13,0.02,0.17,0.14,0.24,0.11
2024-25,School,Ainsworth,584,0.26,0.02,0.05,0.01,0.0,0.56,0.06,0.04,0.1,0.11,0.16,0.51,0.51,0.33
2024-25,Neighborhood,Ainsworth,446,0.15,0.03,0.07,0.01,0.0,0.62,0.07,0.05,0.13,0.09,0.15,0.33,0.35,0.24
2024-25,School,Alameda,496,0.09,0.01,0.01,0.01,0.0,0.76,0.08,0.04,0.06,0.02,0.14,0.0,0.0,0.15
2024-25,Neighborhood,Alameda,503,0.07,0.01,0.01,0.01,0.0,0.77,0.09,0.04,0.05,0.01,0.15,0.02,0.04,0.13
2024-25,School,Arleta,252,0.14,0.05,0.05,0.01,0.0,0.6,0.05,0.11,0.35,0.03,0.07,0.0,0.0,0.31
2024-25,Neighborhood,Arleta,341,0.16,0.03,0.05,0.01,0.0,0.6,0.06,0.09,0.31,0.06,0.07,0.14,0.31,0.28
2024-25,School,Astor,408,0.15,0.07,0.01,0.01,0.0,0.57,0.05,0.13,0.29,0.04,0.18,0.0,0.0,0.37
2024-25,Neighborhood,Astor,446,0.19,0.07,0.01,0.01,0.01,0.55,0.05,0.1,0.3,0.06,0.17,0.09,0.15,0.38
2024-25,School,Atkinson,373,0.4,0.02,0.01,0.0,0.0,0.52,0.03,0.03,0.34,0.22,0.08,0.5,0.5,0.45
2024-25,Neighborhood,Atkinson,355,0.13,0.03,0.04,0.01,0.01,0.66,0.09,0.03,0.26,0.09,0.12,0.34,0.53,0.21
2024-25,School,Beach,295,0.31,0.09,0.01,0.0,0.0,0.48,0.04,0.06,0.32,0.12,0.09,0.59,0.59,0.47
2024-25,Neighborhood,Beach,299,0.18,0.15,0.01,0.0,0.0,0.52,0.06,0.08,0.34,0.1,0.09,0.37,0.43,0.4
2024-25,School,Beverly Cleary,535,0.07,0.01,0.02,0.0,0.0,0.73,0.09,0.07,0.1,0.02,0.24,0.0,0.0,0.16
2024-25,Neighborhood,Beverly Cleary,521,0.07,0.02,0.03,0.0,0.0,0.72,0.09,0.06,0.1,0.02,0.26,0.03,0.07,0.16
2024-25,School,Boise-Eliot/Humboldt,315,0.18,0.44,0.01,0.01,0.0,0.23,0.01,0.12,0.65,0.05,0.05,0.0,0.0,0.76
2024-25,Neighborhood,Boise-Eliot/Humboldt,363,0.17,0.34,0.0,0.01,0.0,0.34,0.03,0.1,0.56,0.04,0.07,0.07,0.18,0.63
2024-25,School,Bridger Creative Science,474,0.08,0.03,0.07,0.01,0.01,0.7,0.03,0.06,0.28,0.05,0.09,0.0,1.0,0.2
2024-25,Neighborhood,Bridger Creative Science,255,0.15,0.02,0.05,0.01,0.01,0.62,0.08,0.06,0.23,0.09,0.15,0.24,0.85,0.25
2024-25,School,Bridlemile,419,0.1,0.03,0.04,0.0,0.0,0.7,0.09,0.04,0.15,0.04,0.1,0.0,0.0,0.17
2024-25,Neighborhood,Bridlemile,458,0.12,0.02,0.04,0.0,0.0,0.69,0.08,0.05,0.11,0.04,0.12,0.06,0.12,0.19
2024-25,School,Buckman,308,0.17,0.04,0.02,0.01,0.0,0.61,0.05,0.11,0.35,0.05,0.14,0.0,1.0,0.32
2024-25,Neighborhood,Buckman,179,0.19,0.07,0.04,0.02,0.0,0.5,0.06,0.11,0.42,0.11,0.1,0.04,0.82,0.4
2024-25,School,Capitol Hill,318,0.11,0.03,0.03,0.0,0.0,0.73,0.03,0.08,0.18,0.02,0.1,0.0,0.0,0.21
2024-25,Neighborhood,Capitol Hill,373,0.12,0.03,0.04,0.0,0.01,0.69,0.04,0.07,0.18,0.03,0.11,0.04,0.09,0.23
2024-25,School,César Chávez,454,0.63,0.11,0.02,0.0,0.02,0.17,0.01,0.04,0.67,0.38,0.05,0.68,0.68,0.8
2024-25,Neighborhood,César Chávez,310,0.54,0.15,0.05,0.01,0.02,0.14,0.03,0.07,0.7,0.35,0.04,0.44,0.49,0.78
2024-25,School,Chapman,349,0.15,0.08,0.06,0.02,0.01,0.49,0.08,0.11,0.5,0.1,0.05,0.0,0.0,0.37
2024-25,Neighborhood,Chapman,474,0.18,0.07,0.06,0.01,0.01,0.46,0.09,0.11,0.46,0.09,0.06,0.08,0.16,0.39
2024-25,School,Chief Joseph,275,0.13,0.04,0.01,0.01,0.01,0.72,0.04,0.05,0.21,0.06,0.07,0.0,0.0,0.23
2024-25,Neighborhood,Chief Joseph,392,0.13,0.06,0.02,0.01,0.01,0.67,0.05,0.06,0.23,0.06,0.08,0.13,0.22,0.26
2024-25,School,Creston,241,0.15,0.03,0.05,0.0,0.02,0.65,0.05,0.05,0.29,0.15,0.06,0.0,0.0,0.25
2024-25,Neighborhood,Creston,312,0.16,0.01,0.04,0.0,0.02,0.65,0.09,0.03,0.21,0.09,0.09,0.2,0.32,0.22
2024-25,School,Duniway,387,0.05,0.0,0.02,0.0,0.0,0.81,0.08,0.04,0.09,0.04,0.13,0.0,0.0,0.09
2024-25,Neighborhood,Duniway,432,0.06,0.0,0.02,0.0,0.0,0.78,0.1,0.03,0.09,0.03,0.13,0.05,0.08,0.1
2024-25,School,Faubion,589,0.3,0.23,0.01,0.01,0.03,0.28,0.01,0.13,0.56,0.2,0.07,0.0,0.0,0.7
2024-25,Neighborhood,Faubion,743,0.31,0.2,0.02,0.01,0.03,0.31,0.02,0.11,0.51,0.18,0.09,0.05,0.14,0.66
2024-25,School,Forest Park,303,0.07,0.02,0.2,0.0,0.0,0.57,0.11,0.04,0.05,0.04,0.16,0.0,0.0,0.12
2024-25,Neighborhood,Forest Park,328,0.09,0.02,0.2,0.0,0.0,0.55,0.1,0.04,0.05,0.04,0.16,0.04,0.06,0.15
2024-25,School,Glencoe,356,0.12,0.05,0.01,0.0,0.0,0.74,0.04,0.04,0.15,0.03,0.08,0.0,0.0,0.2
2024-25,Neighborhood,Glencoe,462,0.11,0.05,0.03,0.0,0.0,0.68,0.09,0.04,0.18,0.05,0.1,0.17,0.26,0.21
2024-25,School,Grout,294,0.18,0.05,0.1,0.01,0.01,0.51,0.04,0.11,0.47,0.2,0.08,0.0,0.0,0.35
2024-25,Neighborhood,Grout,456,0.16,0.05,0.08,0.01,0.01,0.54,0.07,0.08,0.41,0.15,0.09,0.11,0.29,0.31
2024-25,School,Hayhurst,314,0.12,0.05,0.03,0.01,0.01,0.63,0.07,0.09,0.32,0.11,0.07,0.0,0.0,0.28
2024-25,Neighborhood,Hayhurst,373,0.14,0.05,0.04,0.01,0.01,0.59,0.09,0.08,0.28,0.09,0.1,0.05,0.15,0.28
2024-25,School,Irvington,249,0.12,0.07,0.0,0.0,0.0,0.67,0.04,0.1,0.18,0.05,0.14,0.0,0.0,0.29
2024-25,Neighborhood,Irvington,293,0.13,0.06,0.01,0.0,0.0,0.66,0.09,0.05,0.17,0.04,0.14,0.07,0.13,0.25
2024-25,School,James John,367,0.48,0.08,0.01,0.0,0.0,0.32,0.02,0.08,0.56,0.31,0.05,0.39,0.39,0.65
2024-25,Neighborhood,James John,424,0.41,0.09,0.01,0.0,0.0,0.37,0.03,0.09,0.5,0.22,0.06,0.32,0.4,0.59
2024-25,School,Kelly,385,0.22,0.12,0.09,0.0,0.02,0.48,0.01,0.06,0.68,0.48,0.04,0.36,0.36,0.43
2024-25,Neighborhood,Kelly,380,0.37,0.13,0.13,0.0,0.01,0.27,0.02,0.08,0.68,0.3,0.02,0.19,0.37,0.59
2024-25,School,MLK Jr,312,0.21,0.31,0.03,0.0,0.0,0.27,0.08,0.1,0.52,0.12,0.07,0.57,0.57,0.63
2024-25,Neighborhood,MLK Jr,181,0.28,0.32,0.01,0.0,0.0,0.28,0.04,0.08,0.53,0.09,0.05,0.27,0.34,0.67
2024-25,School,Laurelhurst,656,0.06,0.03,0.03,0.0,0.0,0.75,0.06,0.06,0.13,0.02,0.19,0.0,0.0,0.16
2024-25,Neighborhood,Laurelhurst,721,0.08,0.03,0.03,0.01,0.0,0.72,0.08,0.06,0.13,0.03,0.2,0.05,0.1,0.17
2024-25,School,Lee,257,0.18,0.14,0.1,0.0,0.04,0.43,0.04,0.07,0.47,0.14,0.12,0.0,0.0,0.43
2024-25,Neighborhood,Lee,330,0.18,0.11,0.14,0.0,0.03,0.41,0.03,0.1,0.44,0.13,0.11,0.13,0.25,0.42
2024-25,School,Lent,256,0.67,0.02,0.0,0.0,0.0,0.24,0.03,0.04,0.49,0.44,0.07,1.0,1.0,0.73
2024-25,Neighborhood,Lent,270,0.32,0.09,0.17,0.0,0.01,0.31,0.02,0.07,0.61,0.26,0.03,0.37,0.51,0.49
2024-25,School,Lewis,264,0.13,0.02,0.05,0.0,0.0,0.68,0.05,0.07,0.23,0.03,0.11,0.0,0.0,0.22
2024-25,Neighborhood,Lewis,242,0.1,0.02,0.1,0.0,0.0,0.66,0.07,0.06,0.15,0.03,0.14,0.11,0.15,0.17
2024-25,School,Llewellyn,373,0.11,0.01,0.02,0.01,0.0,0.77,0.05,0.03,0.14,0.01,0.12,0.0,0.0,0.16
2024-25,Neighborhood,Llewellyn,389,0.11,0.02,0.02,0.01,0.0,0.75,0.07,0.03,0.11,0.02,0.13,0.04,0.1,0.17
2024-25,School,Maplewood,295,0.13,0.01,0.01,0.01,0.0,0.69,0.1,0.05,0.22,0.05,0.11,0.0,0.0,0.19
2024-25,Neighborhood,Maplewood,332,0.14,0.02,0.01,0.01,0.0,0.7,0.08,0.05,0.2,0.04,0.12,0.03,0.11,0.21
2024-25,School,Markham,341,0.16,0.16,0.06,0.0,0.02,0.51,0.04,0.04,0.33,0.16,0.1,0.0,0.0,0.4
2024-25,Neighborhood,Markham,452,0.14,0.13,0.04,0.0,0.02,0.55,0.06,0.06,0.28,0.13,0.09,0.03,0.1,0.35
2024-25,School,Marysville,320,0.19,0.12,0.1,0.02,0.03,0.43,0.02,0.1,0.6,0.13,0.08,0.0,0.0,0.45
2024-25,Neighborhood,Marysville,305,0.21,0.07,0.09,0.01,0.02,0.44,0.06,0.1,0.52,0.15,0.09,0.1,0.26,0.42
2024-25,School,Odyssey,211,0.04,0.02,0.03,0.0,0.0,0.75,0.1,0.06,0.05,0.0,0.24,0.0,1.0,0.11
2024-25,School,Peninsula,235,0.2,0.14,0.02,0.02,0.0,0.49,0.03,0.11,0.36,0.05,0.05,0.0,0.0,0.46
2024-25,Neighborhood,Peninsula,311,0.22,0.11,0.02,0.01,0.02,0.47,0.04,0.11,0.32,0.06,0.05,0.11,0.17,0.47
2024-25,School,Richmond,530,0.06,0.01,0.09,0.0,0.0,0.41,0.39,0.04,0.1,0.08,0.15,1.0,1.0,0.11
2024-25,School,Rieke,278,0.09,0.04,0.03,0.0,0.0,0.73,0.06,0.05,0.18,0.04,0.15,0.0,0.0,0.19
2024-25,Neighborhood,Rieke,312,0.09,0.04,0.03,0.0,0.0,0.71,0.08,0.05,0.17,0.04,0.16,0.05,0.13,0.18
2024-25,School,Rigler,301,0.63,0.04,0.01,0.0,0.0,0.3,0.0,0.01,0.53,0.49,0.04,1.0,1.0,0.69
2024-25,Neighborhood,Rigler,513,0.44,0.14,0.03,0.02,0.0,0.29,0.02,0.06,0.59,0.3,0.04,0.55,0.66,0.65
2024-25,School,Rosa Parks,172,0.37,0.37,0.02,0.01,0.03,0.13,0.01,0.08,0.84,0.33,0.03,0.0,0.0,0.85
2024-25,Neighborhood,Rosa Parks,288,0.42,0.31,0.01,0.0,0.02,0.16,0.0,0.08,0.77,0.3,0.03,0.17,0.27,0.83
2024-25,School,Rose City Park,446,0.06,0.04,0.3,0.0,0.0,0.48,0.06,0.06,0.32,0.21,0.08,0.47,0.47,0.16
2024-25,Neighborhood,Rose City Park,377,0.1,0.05,0.07,0.0,0.0,0.65,0.05,0.07,0.26,0.08,0.09,0.27,0.33,0.23
2024-25,School,Sabin,293,0.08,0.15,0.01,0.01,0.0,0.61,0.04,0.09,0.31,0.04,0.15,0.0,0.0,0.34
2024-25,Neighborhood,Sabin,348,0.09,0.14,0.02,0.01,0.0,0.61,0.06,0.07,0.24,0.03,0.16,0.09,0.16,0.31
2024-25,School,Scott,494,0.38,0.11,0.03,0.01,0.02,0.36,0.02,0.08,0.54,0.26,0.06,0.49,0.49,0.59
2024-25,Neighborhood,Scott,487,0.35,0.06,0.06,0.01,0.01,0.43,0.03,0.06,0.44,0.22,0.07,0.48,0.61,0.48
2024-25,School,Sitton,339,0.44,0.12,0.03,0.01,0.01,0.3,0.01,0.1,0.62,0.33,0.06,0.39,0.39,0.66
2024-25,Neighborhood,Sitton,424,0.48,0.11,0.02,0.0,0.0,0.28,0.01,0.09,0.65,0.3,0.04,0.35,0.44,0.69
2024-25,School,Skyline,226,0.12,0.02,0.04,0.0,0.0,0.67,0.1,0.05,0.12,0.03,0.18,0.0,0.0,0.19
2024-25,Neighborhood,Skyline,238,0.12,0.02,0.04,0.0,0.0,0.68,0.09,0.05,0.14,0.03,0.18,0.01,0.05,0.19
2024-25,School,Stephenson,285,0.08,0.02,0.03,0.0,0.0,0.72,0.1,0.05,0.09,0.03,0.12,0.0,0.0,0.15
2024-25,Neighborhood,Stephenson,289,0.1,0.0,0.04,0.0,0.0,0.71,0.11,0.04,0.07,0.03,0.13,0.05,0.07,0.15
2024-25,School,Sunnyside Environmental,461,0.11,0.02,0.02,0.0,0.0,0.7,0.07,0.07,0.23,0.02,0.16,0.0,1.0,0.2
2024-25,Neighborhood,Sunnyside Environmental,295,0.12,0.02,0.03,0.0,0.0,0.69,0.08,0.06,0.23,0.03,0.15,0.09,0.93,0.21
2024-25,School,Vernon,563,0.12,0.16,0.01,0.01,0.0,0.55,0.04,0.12,0.31,0.05,0.1,0.0,0.0,0.4
2024-25,Neighborhood,Vernon,667,0.13,0.12,0.02,0.01,0.0,0.57,0.06,0.09,0.3,0.06,0.12,0.1,0.19,0.35
2024-25,School,Vestal,257,0.19,0.1,0.06,0.01,0.01,0.48,0.04,0.11,0.45,0.15,0.05,0.0,0.0,0.43
2024-25,Neighborhood,Vestal,390,0.18,0.1,0.1,0.0,0.0,0.47,0.06,0.07,0.34,0.14,0.07,0.15,0.29,0.36
2024-25,School,Whitman,198,0.27,0.11,0.1,0.03,0.05,0.31,0.04,0.11,0.65,0.21,0.04,0.0,0.0,0.56
2024-25,Neighborhood,Whitman,439,0.28,0.07,0.12,0.01,0.01,0.35,0.07,0.09,0.49,0.16,0.06,0.13,0.26,0.46
2024-25,School,Winterhaven,322,0.07,0.02,0.05,0.0,0.0,0.72,0.1,0.03,0.15,0.01,0.28,0.0,1.0,0.12
2024-25,School,Woodlawn,306,0.23,0.25,0.01,0.0,0.0,0.36,0.02,0.12,0.49,0.1,0.08,0.0,0.0,0.61
2024-25,Neighborhood,Woodlawn,422,0.23,0.22,0.01,0.0,0.0,0.4,0.03,0.11,0.42,0.11,0.07,0.11,0.21,0.56
2024-25,School,Woodmere,242,0.25,0.1,0.13,0.0,0.01,0.35,0.02,0.14,0.62,0.24,0.08,0.0,0.0,0.5
2024-25,Neighborhood,Woodmere,294,0.22,0.07,0.14,0.01,0.02,0.41,0.04,0.09,0.48,0.2,0.07,0.13,0.27,0.41
2024-25,School,Woodstock,394,0.09,0.01,0.23,0.0,0.01,0.46,0.17,0.03,0.23,0.13,0.17,0.52,0.52,0.14
2024-25,Neighborhood,Woodstock,293,0.12,0.01,0.04,0.0,0.0,0.7,0.11,0.02,0.16,0.02,0.19,0.27,0.39,0.15
2024-25,School,Beaumont,435,0.26,0.02,0.01,0.0,0.0,0.6,0.07,0.04,0.24,0.13,0.29,0.27,0.27,0.33
2024-25,Neighborhood,Beaumont,540,0.24,0.05,0.02,0.01,0.0,0.58,0.07,0.02,0.29,0.13,0.27,0.22,0.3,0.33
2024-25,School,da Vinci,427,0.14,0.07,0.01,0.01,0.0,0.65,0.04,0.08,0.31,0.03,0.25,0.0,1.0,0.3
2024-25,School,George,404,0.43,0.2,0.02,0.01,0.01,0.23,0.01,0.1,0.71,0.25,0.08,0.28,0.28,0.75
2024-25,Neighborhood,George,558,0.42,0.17,0.02,0.01,0.01,0.26,0.01,0.11,0.64,0.22,0.1,0.28,0.37,0.71
2024-25,School,Gray,438,0.11,0.04,0.03,0.0,0.0,0.73,0.05,0.05,0.2,0.05,0.34,0.0,0.0,0.19
2024-25,Neighborhood,Gray,503,0.11,0.03,0.03,0.0,0.0,0.72,0.05,0.06,0.2,0.05,0.36,0.04,0.13,0.2
2024-25,School,Harriet Tubman,328,0.18,0.23,0.03,0.0,0.0,0.41,0.05,0.09,0.41,0.06,0.23,0.13,0.13,0.51
2024-25,Neighborhood,Harriet Tubman,489,0.17,0.18,0.02,0.0,0.0,0.48,0.05,0.09,0.34,0.04,0.25,0.08,0.31,0.44
2024-25,School,Harrison Park,372,0.14,0.13,0.22,0.01,0.03,0.34,0.05,0.08,0.52,0.17,0.16,0.25,0.25,0.39
2024-25,Neighborhood,Harrison Park,601,0.18,0.1,0.13,0.0,0.02,0.47,0.04,0.07,0.43,0.14,0.16,0.21,0.39,0.36
2024-25,School,Hosford,537,0.1,0.04,0.05,0.01,0.01,0.68,0.06,0.06,0.26,0.05,0.24,0.0,0.0,0.21
2024-25,Neighborhood,Hosford,758,0.1,0.03,0.05,0.01,0.01,0.68,0.07,0.06,0.27,0.05,0.26,0.08,0.26,0.2
2024-25,School,Jackson,715,0.11,0.07,0.02,0.0,0.01,0.67,0.06,0.06,0.23,0.05,0.24,0.0,0.0,0.25
2024-25,Neighborhood,Jackson,814,0.11,0.06,0.03,0.0,0.01,0.67,0.06,0.06,0.2,0.05,0.26,0.03,0.1,0.24
2024-25,School,Kellogg,594,0.35,0.04,0.07,0.01,0.01,0.43,0.03,0.07,0.46,0.17,0.19,0.37,0.37,0.47
2024-25,Neighborhood,Kellogg,449,0.22,0.05,0.1,0.01,0.01,0.49,0.04,0.08,0.46,0.14,0.19,0.17,0.28,0.36
2024-25,School,Lane,418,0.28,0.09,0.14,0.0,0.02,0.39,0.02,0.06,0.59,0.21,0.1,0.08,0.08,0.45
2024-25,Neighborhood,Lane,622,0.26,0.06,0.12,0.0,0.01,0.44,0.06,0.05,0.46,0.12,0.17,0.16,0.28,0.39
2024-25,School,Mt Tabor,467,0.09,0.02,0.04,0.0,0.0,0.58,0.23,0.03,0.16,0.02,0.27,0.51,0.51,0.14
2024-25,Neighborhood,Mt Tabor,271,0.11,0.02,0.01,0.0,0.0,0.7,0.11,0.04,0.1,0.01,0.28,0.16,0.39,0.18
2024-25,School,Ockley Green,410,0.19,0.15,0.01,0.0,0.01,0.49,0.04,0.11,0.35,0.08,0.21,0.17,0.17,0.46
2024-25,Neighborhood,Ockley Green,599,0.17,0.13,0.01,0.0,0.01,0.53,0.05,0.11,0.31,0.05,0.2,0.13,0.31,0.41
2024-25,School,Roseway Heights,565,0.25,0.11,0.11,0.01,0.01,0.41,0.02,0.08,0.5,0.18,0.18,0.25,0.25,0.46
2024-25,Neighborhood,Roseway Heights,507,0.21,0.08,0.06,0.0,0.01,0.51,0.03,0.1,0.4,0.13,0.23,0.22,0.36,0.4
2024-25,School,Sellwood,576,0.09,0.01,0.02,0.0,0.0,0.79,0.05,0.04,0.13,0.02,0.31,0.0,0.0,0.14
2024-25,Neighborhood,Sellwood,637,0.08,0.01,0.02,0.0,0.0,0.77,0.06,0.05,0.13,0.02,0.31,0.03,0.11,0.14
2024-25,School,West Sylvan,670,0.12,0.04,0.1,0.0,0.0,0.6,0.09,0.05,0.16,0.04,0.32,0.17,0.17,0.21
2024-25,Neighborhood,West Sylvan,696,0.1,0.04,0.09,0.0,0.0,0.61,0.1,0.05,0.17,0.04,0.32,0.11,0.22,0.2
2024-25,School,Benson,896,0.26,0.1,0.05,0.01,0.0,0.46,0.04,0.08,0.37,0.06,0.16,0.0,1.0,0.46
2024-25,School,Cleveland,1422,0.09,0.03,0.07,0.0,0.0,0.69,0.07,0.04,0.16,0.03,0.32,0.09,0.09,0.16
2024-25,Neighborhood,Cleveland,1827,0.11,0.03,0.05,0.0,0.0,0.68,0.07,0.05,0.19,0.03,0.29,0.08,0.21,0.2
2024-25,School,Franklin,1809,0.2,0.05,0.11,0.0,0.01,0.53,0.05,0.06,0.33,0.1,0.19,0.11,0.11,0.32
2024-25,Neighborhood,Franklin,2286,0.2,0.05,0.1,0.0,0.01,0.52,0.06,0.06,0.32,0.09,0.2,0.12,0.21,0.32
2024-25,School,Grant,2149,0.08,0.06,0.03,0.0,0.0,0.68,0.09,0.05,0.13,0.02,0.33,0.13,0.13,0.2
2024-25,Neighborhood,Grant,1197,0.07,0.03,0.03,0.0,0.0,0.76,0.07,0.03,0.09,0.01,0.34,0.03,0.07,0.14
2024-25,School,Ida B. Wells-Barnett,1650,0.09,0.04,0.04,0.0,0.0,0.71,0.06,0.05,0.17,0.03,0.31,0.0,0.0,0.19
2024-25,Neighborhood,Ida B. Wells-Barnett,1833,0.1,0.04,0.04,0.0,0.0,0.7,0.06,0.05,0.17,0.03,0.31,0.04,0.07,0.2
2024-25,School,Jefferson,459,0.21,0.47,0.01,0.0,0.01,0.17,0.01,0.12,0.56,0.1,0.09,0.03,0.03,0.81
2024-25,School,McDaniel,1686,0.28,0.12,0.12,0.01,0.01,0.38,0.02,0.06,0.44,0.19,0.13,0.13,0.18,0.48
2024-25,Neighborhood,McDaniel,1683,0.28,0.12,0.11,0.01,0.01,0.36,0.03,0.07,0.46,0.18,0.13,0.14,0.27,0.49
2024-25,School,Lincoln,1615,0.11,0.04,0.09,0.0,0.0,0.61,0.09,0.05,0.12,0.03,0.31,0.11,0.11,0.21
2024-25,Neighborhood,Lincoln,1488,0.11,0.04,0.09,0.0,0.0,0.61,0.09,0.05,0.14,0.03,0.29,0.08,0.1,0.2
2024-25,School,Roosevelt,1452,0.37,0.13,0.02,0.0,0.02,0.35,0.02,0.08,0.47,0.18,0.14,0.2,0.24,0.61
2024-25,Neighborhood,Roosevelt,1220,0.41,0.15,0.02,0.01,0.01,0.3,0.02,0.09,0.52,0.21,0.12,0.18,0.28,0.66
2024-25,Grand Total,Grand Total,44086,0.19,0.08,0.06,0.01,0.01,0.54,0.06,0.07,0.32,0.1,0.17,0.13,0.24,0.35
