school,address,grades,primary_use,originally_built_for,hs_cluster,year_built,square_feet,functional_capacity,enrollment_2025,utilization,projected_2026,direct_cert,students_in_neighborhood_school,pps_students_live_in_zone,capture_rate,program_type,title1,immersion_language,immersion_language_2,retrieved
Abernethy,2421 SE ORANGE AVE,K-5,K-5,K-5,CLEVELAND,1925.0,47042.0,441.0,269.0,0.61,250.0,0.11199999999999999,249.0,369.0,0.675,Neighborhood,No,,,2026-10-09
Access Academy,6318 S CORBETT AVE,2-8,Program,K-5,WELLS,1917.0,26365.0,294.0,324.0,1.1,315.0,0.12300000000000001,,,,Alternative,No,,,2026-10-09
Ainsworth,2425 SW VISTA AVE,K-5,K-5,K-5,LINCOLN,1912.0,55773.0,582.0,560.0,0.96,555.0,0.129,393.0,439.0,0.895,Neighborhood / Immersion,No,Spanish,,2026-10-09
Alameda,2732 NE FREMONT ST,K-5,K-5,K-5,GRANT,1921.0,65725.0,771.0,513.0,0.67,503.0,0.06,469.0,517.0,0.907,Neighborhood,No,,,2026-10-09
Alliance,,N/A,N/A,N/A,NA,,,,,,,0.382,,,,Alternative,No,,,2026-10-09
Arleta,5109 SE 66TH AVE,K-5,K-5,K-8,FRANKLIN,1929.0,71184.0,652.65,230.0,0.35,216.0,0.248,186.0,332.0,0.56,Neighborhood,Yes,,,2026-10-09
Astor,5601 N YALE ST,K-8,K-8,K-8,ROOSEVELT,1949.0,49300.0,522.0,400.0,0.77,414.0,0.298,333.0,452.0,0.737,Neighborhood,No,,,2026-10-09
Atkinson,5800 SE DIVISION ST,K-5,K-5,K-5,FRANKLIN,1953.0,54472.0,518.7,366.0,0.71,357.0,0.322,216.0,361.0,0.598,Neighborhood / Immersion,Yes,Spanish,,2026-10-09
Beach,1710 N HUMBOLDT ST,K-5,K-5,K-8,JEFFERSON,1928.0,65912.0,607.05,288.0,0.47,285.0,0.34700000000000003,193.0,300.0,0.643,Neighborhood / Immersion,Yes,Spanish,,2026-10-09
Beaumont,4043 NE FREMONT ST,MS,Middle,K-8,GRANT,1926.0,93277.0,736.95,416.0,0.56,415.0,0.23600000000000002,345.0,520.0,0.6629999999999999,Neighborhood / Immersion,No,Spanish,,2026-10-09
Benson,546 NE 12TH AVE,HS,High,High,CLEVELAND,1916.0,448159.0,2137.75,1025.0,0.48,1114.0,0.321,,,,Focus Option,No,,,2026-10-09
Beverly Cleary,1915 NE 33RD AVE,K-8,K-8,Middle,GRANT,1911.0,88574.0,531.0,480.0,0.9,464.0,0.113,428.0,519.0,0.825,Neighborhood,No,,,2026-10-09
Boise-Eliot/Humboldt,620 N FREMONT ST,PK-5,K-5,K-8,JEFFERSON,1926.0,66936.0,585.9,294.0,0.5,310.0,0.626,218.0,389.0,0.56,Neighborhood,Yes,,,2026-10-09
Brentwood,7200 SE 60TH AVE,MS,Middle,Middle,FRANKLIN,1927.0,94065.0,762.75,447.0,0.59,425.0,0.575,392.0,624.0,0.628,Neighborhood / Immersion,Yes,Russian,,2026-10-09
Bridger Creative Science,7910 SE MARKET ST,K-8,K-8,K-8,FRANKLIN,1951.0,48828.0,510.0,446.0,0.87,449.0,0.271,143.0,251.0,0.57,Neighborhood / Focus Option,No,,,2026-10-09
Bridlemile,4300 SW 47TH DR,K-5,K-5,K-5,WELLS/LINCOLN,1958.0,60035.0,582.0,423.0,0.73,413.0,0.135,385.0,465.0,0.828,Neighborhood,No,,,2026-10-09
Buckman,320 SE 16TH AVE,K-5,K-5,K-5,CLEVELAND,1922.0,81153.0,632.7,283.0,0.45,263.0,0.364,133.0,194.0,0.6859999999999999,Neighborhood / Focus Option,Yes,,,2026-10-09
Capitol Hill,8401 SW 17TH AVE,K-5,K-5,K-5,WELLS,1913.0,51784.0,417.0,325.0,0.78,319.0,0.188,303.0,387.0,0.7829999999999999,Neighborhood,No,,,2026-10-09
Cesar Chavez,5103 N WILLIS BLVD,K-8,K-8,K-8,ROOSEVELT,1927.0,78994.0,564.3,443.0,0.79,424.0,0.657,214.0,312.0,0.6859999999999999,Neighborhood / Immersion,Yes,Spanish,,2026-10-09
Chapman,1445 NW 26TH AVE,K-5,K-5,K-5,LINCOLN,1923.0,67502.0,464.4,330.0,0.71,336.0,0.524,322.0,466.0,0.691,Neighborhood,Yes,,,2026-10-09
Chief Joseph,2409 N SARATOGA ST,K-5,K-5,K-8,JEFFERSON,1949.0,44859.0,444.0,242.0,0.55,242.0,0.223,222.0,362.0,0.613,Neighborhood,No,,,2026-10-09
Clark,1231 SE 92ND AVE,K-5,K-8,K-5,MCDANIEL,1955.0,50227.0,458.85,364.0,0.79,363.0,0.679,318.0,516.0,0.616,Neighborhood / Immersion,Yes,Mandarin,,2026-10-09
Cleveland,3400 SE 26TH AVE,Under Constrution,High,High,CLEVELAND,1929.0,262691.0,1647.0,1451.0,0.88,1418.0,0.17800000000000002,,,0.711,Neighborhood / Immersion,No,Mandarin,,2026-10-09
Creston,4701 SE BUSH ST,PK-5,K-5,K-8,FRANKLIN,1946.0,79978.0,429.0,213.0,0.5,199.0,0.239,162.0,288.0,0.563,Neighborhood,No,,,2026-10-09
DaVinci Arts,2508 NE EVERETT ST,MS,Middle,Middle,CLEVELAND,1928.0,88605.0,726.75,429.0,0.59,430.0,0.308,,,,Focus Option,No,,,2026-10-09
Dr Martin Luther King Jr,4906 NE 6TH AVE,K-5,K-5,K-8,JEFFERSON,1913.0,99534.0,584.25,319.0,0.55,314.0,0.511,115.0,172.0,0.669,Neighborhood / Immersion,Yes,Mandarin,,2026-10-09
Duniway,7700 SE REED COLLEGE PL,K-5,K-5,K-5,CLEVELAND,1926.0,65675.0,552.0,362.0,0.66,362.0,0.083,348.0,414.0,0.841,Neighborhood,No,,,2026-10-09
Faubion,2930 NE DEKUM ST,PK-8,K-8,K-8,JEFFERSON,2017.0,151572.0,756.0,600.0,0.79,627.0,0.563,521.0,767.0,0.679,Neighborhood,Yes,,,2026-10-09
Forest Park,9935 NW DURRETT ST,K-5,K-5,K-5,LINCOLN,1998.0,65745.0,519.0,264.0,0.51,259.0,0.064,263.0,301.0,0.8740000000000001,Neighborhood,No,,,2026-10-09
Franklin,5405 SE WOODWARD ST,HS,High,High,FRANKLIN,2017.0,292223.0,1670.4,1780.0,1.07,1725.0,0.32799999999999996,,,0.73,Neighborhood / Immersion,No,Spanish,Russian,2026-10-09
George,10000 N BURR AVE,MS,Middle,Middle,ROOSEVELT,1950.0,78161.0,623.25,358.0,0.57,377.0,0.7070000000000001,333.0,488.0,0.682,Neighborhood / Immersion,Yes,Spanish,,2026-10-09
Glencoe,825 SE 51ST AVE,K-5,K-5,K-5,FRANKLIN,1923.0,60478.0,573.0,339.0,0.59,326.0,0.174,295.0,457.0,0.6459999999999999,Neighborhood,No,,,2026-10-09
Grant,2245 NE 36TH AVE,HS,High,High,GRANT,2019.0,328425.0,1935.45,2074.0,1.07,2015.0,0.133,,,0.897,Neighborhood / Immersion,No,Japanese,,2026-10-09
Grout,3119 SE HOLGATE BLVD,PK-5,K-5,K-5,CLEVELAND,1927.0,75557.0,490.2,327.0,0.67,306.0,0.511,298.0,497.0,0.6,Neighborhood,Yes,,,2026-10-09
Harriet Tubman,2231 N FLINT AVE,MS,Middle,Middle,JEFFERSON,1952.0,87196.0,777.75,402.0,0.52,440.0,0.376,348.0,537.0,0.648,Neighborhood / Immersion,Yes,Mandarin,,2026-10-09
Harrison Park,2225 SE 87TH AVE,MS,Middle,Middle,MCDANIEL,1949.0,110650.0,902.4,419.0,0.46,442.0,0.46299999999999997,309.0,568.0,0.544,Neighborhood / Immersion,Yes,Mandarin,,2026-10-09
Hayhurst,5037 SW IOWA ST,K-5,K-5,K-5,WELLS,1954.0,50314.0,525.0,290.0,0.55,283.0,0.262,262.0,354.0,0.74,Neighborhood,No,,,2026-10-09
Hosford,2303 SE 28TH PL,MS,Middle,Middle,CLEVELAND,1925.0,88192.0,711.45,528.0,0.74,522.0,0.258,487.0,745.0,0.654,Neighborhood,No,,,2026-10-09
Ida B Wells,1151 SW VERMONT ST,HS,High,High,WELLS,1954.0,274040.0,1658.25,1574.0,0.95,1555.0,0.172,,,0.85,Neighborhood,No,,,2026-10-09
Irvington,1320 NE BRAZEE ST,K-5,K-5,K-8,JEFFERSON,1932.0,72996.0,618.0,259.0,0.42,249.0,0.20800000000000002,212.0,296.0,0.716,Neighborhood,No,,,2026-10-09
Jackson,10625 SW 35TH AVE,MS,Middle,Middle,WELLS,1966.0,244271.0,946.05,689.0,0.73,683.0,0.221,678.0,791.0,0.857,Neighborhood,No,,,2026-10-09
James John,7439 N CHARLESTON AVE,K-5,K-5,K-5,ROOSEVELT,1929.0,70220.0,467.4,365.0,0.78,361.0,0.545,295.0,415.0,0.711,Neighborhood / Immersion,Yes,Spanish,,2026-10-09
Jefferson,5210 N KERBY AVE,HS,High,High,JEFFERSON,1909.0,330332.0,1589.7,391.0,0.25,422.0,0.555,,,,Neighborhood / Focus Option,Yes,Mandarin,,2026-10-09
Kellogg,3400 SE 69TH AVE,MS,Middle,Middle,FRANKLIN,2021.0,111910.0,736.8,531.0,0.72,514.0,0.44299999999999995,345.0,465.0,0.742,Neighborhood / Immersion,Yes,Spanish,,2026-10-09
Kelly,9030 SE COOPER ST,K-5,K-5,K-5,FRANKLIN,1952.0,81600.0,615.6,411.0,0.67,412.0,0.6759999999999999,226.0,411.0,0.55,Neighborhood / Immersion,Yes,Russian,,2026-10-09
Laurelhurst,840 NE 41ST AVE,K-8,K-8,K-8,GRANT,1923.0,64519.0,630.0,610.0,0.97,574.0,0.125,572.0,687.0,0.833,Neighborhood,No,,,2026-10-09
Lent,5105 SE 97TH AVE,K-5,K-5,K-8,FRANKLIN,1949.0,78100.0,798.0,256.0,0.32,253.0,0.469,80.0,286.0,0.28,Neighborhood / Immersion,Yes,Spanish,,2026-10-09
Lewis,4401 SE EVERGREEN ST,K-5,K-5,K-5,CLEVELAND,1952.0,47389.0,420.0,259.0,0.62,243.0,0.22,180.0,233.0,0.773,Neighborhood,No,,,2026-10-09
Lincoln,1750 SW SALMON ST,HS,High,High,LINCOLN,2022.0,304968.0,1983.9,1647.0,0.83,1652.0,0.115,,,0.92,Neighborhood / Immersion,No,Spanish,,2026-10-09
Llewellyn,6301 SE 14TH AVE,K-5,K-5,K-5,CLEVELAND,1928.0,57165.0,468.0,345.0,0.74,333.0,0.133,303.0,355.0,0.8540000000000001,Neighborhood,No,,,2026-10-09
MLC K12,2033 NW GLISAN ST,K-12,K-12,K-5,LINCOLN,1914.0,73928.0,487.05,275.0,0.56,266.0,0.21100000000000002,,,,Alternative,No,,,2026-10-09
Maplewood,7452 SW 52ND AVE,K-5,K-5,K-5,WELLS,1948.0,40636.0,426.0,287.0,0.67,288.0,0.195,256.0,312.0,0.821,Neighborhood,No,,,2026-10-09
Markham,10531 SW CAPITOL HWY,K-5,K-5,K-5,WELLS,1951.0,79714.0,561.45,339.0,0.6,325.0,0.38299999999999995,322.0,457.0,0.705,Neighborhood,Yes,,,2026-10-09
Marysville,7733 SE RAYMOND ST,K-5,K-5,K-8,FRANKLIN,1921.0,58008.0,410.4,307.0,0.75,294.0,0.583,167.0,283.0,0.59,Neighborhood,Yes,,,2026-10-09
McDaniel,2735 NE 82ND AVE,HS,High,High,MCDANIEL,2021.0,320482.0,1725.6,1629.0,0.94,1588.0,0.419,,,0.74,Neighborhood / Immersion,No,Spanish,Vietnamese,2026-10-09
Mt Tabor,5800 SE ASH ST,MS,Middle,Middle,FRANKLIN,1952.0,79477.0,752.25,430.0,0.57,415.0,0.163,196.0,262.0,0.748,Neighborhood / Immersion,No,Japanese,,2026-10-09
Ockley Green,6031 N MONTANA AVE,MS,Middle,Middle,JEFFERSON,1925.0,73990.0,657.0,460.0,0.7,436.0,0.359,426.0,659.0,0.6459999999999999,Neighborhood / Immersion,Yes,Spanish,,2026-10-09
Odyssey Program,1849 SW 58TH AVE,K-8,K-8,K-5,LINCOLN,1933.0,24875.0,201.0,217.0,1.08,221.0,0.078,,,,Focus Option,No,,,2026-10-09
Peninsula,8125 N EMERALD AVE,K-5,K-5,K-5,JEFFERSON,1952.0,62231.0,538.65,239.0,0.44,252.0,0.381,195.0,301.0,0.648,Neighborhood,Yes,,,2026-10-09
Richmond,2276 SE 41ST AVE,K-5,K-5,K-5,FRANKLIN,1908.0,79882.0,723.0,512.0,0.71,505.0,0.066,,,,Neighborhood / Immersion,No,Japanese,,2026-10-09
Rieke,1405 SW VERMONT ST,K-5,K-5,K-5,WELLS,1961.0,47406.0,465.0,264.0,0.57,255.0,0.152,243.0,300.0,0.81,Neighborhood,No,,,2026-10-09
Rigler,5401 NE PRESCOTT ST,K-5,K-5,K-5,MCDANIEL,1931.0,74376.0,621.3,289.0,0.47,301.0,0.54,215.0,469.0,0.45799999999999996,Neighborhood / Immersion,Yes,Spanish,,2026-10-09
Robert Gray,5505 SW 23RD AVE,MS,Middle,Middle,WELLS,1952.0,78263.0,588.0,432.0,0.73,431.0,0.20600000000000002,408.0,504.0,0.81,Neighborhood,No,,,2026-10-09
Roosevelt,6941 N CENTRAL ST,HS,High,High,ROOSEVELT,2016.0,271942.0,1395.0,1419.0,1.02,1339.0,0.447,910.0,,0.772,Neighborhood / Immersion,Yes,Spanish,,2026-10-09
Rosa Parks,8960 N WOOLSEY AVE,K-5,K-5,K-5,ROOSEVELT,2006.0,71376.0,498.75,160.0,0.32,161.0,0.794,129.0,301.0,0.429,Neighborhood,Yes,,,2026-10-09
Rose City Park,2334 NE 57TH AVE,K-5,K-5,K-5,MCDANIEL,1912.0,73959.0,609.0,417.0,0.68,398.0,0.32899999999999996,256.0,364.0,0.703,Neighborhood / Immersion,No,Vietnamese,,2026-10-09
Roseway Heights,7334 NE SISKIYOU ST,MS,Middle,Middle,MCDANIEL,1923.0,103432.0,805.5,572.0,0.71,560.0,0.439,401.0,545.0,0.736,Neighborhood / Immersion,Yes,Spanish,Vietnamese,2026-10-09
Sabin,4013 NE 18TH AVE,K-5,K-5,K-5,JEFFERSON,1927.0,64809.0,621.0,269.0,0.43,258.0,0.28300000000000003,215.0,325.0,0.662,Neighborhood,No,,,2026-10-09
Scott,6700 NE PRESCOTT ST,K-5,K-5,K-8,MCDANIEL,1949.0,72485.0,632.7,476.0,0.75,496.0,0.519,318.0,472.0,0.674,Neighborhood / Immersion,Yes,Spanish,,2026-10-09
Sellwood,8300 SE 15TH AVE,MS,Middle,Middle,CLEVELAND,1925.0,87116.0,683.4,564.0,0.83,537.0,0.128,534.0,623.0,0.857,Neighborhood,No,,,2026-10-09
Sitton,9930 N SMITH ST,K-5,K-5,K-5,ROOSEVELT,1949.0,58487.0,418.95,345.0,0.82,340.0,0.6,298.0,441.0,0.6759999999999999,Neighborhood / Immersion,Yes,Spanish,,2026-10-09
Skyline,11536 NW SKYLINE BLVD,K-8,K-8,K-8,LINCOLN,1939.0,47820.0,285.0,207.0,0.73,203.0,0.135,194.0,221.0,0.878,Neighborhood,No,,,2026-10-09
Stephenson,2627 SW STEPHENSON ST,K-5,K-5,K-5,WELLS,1964.0,43641.0,486.0,281.0,0.58,267.0,0.1,250.0,282.0,0.887,Neighborhood,No,,,2026-10-09
Sunnyside Environmental,3421 SE SALMON ST,K-8,K-8,K-8,FRANKLIN,1925.0,56245.0,492.0,485.0,0.99,482.0,0.19,219.0,286.0,0.7659999999999999,Neighborhood / Focus Option,No,,,2026-10-09
Sunrise,2222 NE 92ND AVE,PK-5,K-5,K-8,MCDANIEL,1953.0,67970.0,396.15,251.0,0.63,254.0,0.45399999999999996,208.0,327.0,0.636,Neighborhood,Yes,,,2026-10-09
Vernon,2044 NE KILLINGSWORTH ST,K-8,K-8,K-8,JEFFERSON,1931.0,70833.0,552.0,541.0,0.98,515.0,0.27899999999999997,433.0,638.0,0.679,Neighborhood,No,,,2026-10-09
Vestal,161 NE 82ND AVE,K-5,K-5,K-5,MCDANIEL,1931.0,73294.0,515.85,283.0,0.55,288.0,0.43799999999999994,241.0,424.0,0.568,Neighborhood,Yes,,,2026-10-09
West Sylvan,8111 SW WEST SLOPE DR,MS,Middle,Middle,LINCOLN,1953.0,107824.0,986.85,683.0,0.69,653.0,0.161,613.0,722.0,0.8490000000000001,Neighborhood / Immersion,No,Spanish,,2026-10-09
Whitman,7326 SE FLAVEL ST,PK-5,K-5,K-5,CLEVELAND,1954.0,58086.0,416.1,194.0,0.47,197.0,0.644,183.0,445.0,0.41100000000000003,Neighborhood,Yes,,,2026-10-09
Winterhaven,3830 SE 14TH AVE,K-8,K-8,K-5,CLEVELAND,1930.0,41198.0,288.0,316.0,1.1,315.0,0.18,,,,Focus Option,No,,,2026-10-09
Woodlawn,7200 NE 11TH AVE,K-5,K-5,K-8,JEFFERSON,1926.0,70803.0,591.3,323.0,0.55,320.0,0.446,270.0,424.0,0.637,Neighborhood,Yes,,,2026-10-09
Woodmere,7900 SE DUKE ST,K-5,K-5,K-5,FRANKLIN,1954.0,51900.0,464.55,227.0,0.49,222.0,0.59,141.0,292.0,0.483,Neighborhood,Yes,,,2026-10-09
Woodstock,5601 SE 50TH AVE,K-5,K-5,K-5,CLEVELAND,1911.0,65221.0,609.0,367.0,0.6,353.0,0.24,167.0,241.0,0.693,Neighborhood / Immersion,No,Mandarin,,2026-10-09
